,city,mean,S_diff,num_bootstraps,CI
0,Riyadh,29.879689954892125,46.21127028728114,896,89.6
1,Lampang,19.699914057947986,125.32638765294774,999,99.9
2,Kielce,11.235537274786925,38.4322602222462,766,76.6
3,Erzurum,7.314505689743455,57.00960138690257,685,68.5
4,Kobe,17.849688697742433,48.28012482666268,809,80.9
5,Donostia / San Sebastián,15.311704899352284,28.91013901621801,857,85.7
6,Nagasaki,18.632953552690154,53.35443609460782,937,93.7
7,George Town,28.28704052443972,4.419073589940545,752,75.2
8,Hegang,4.120720951817309,70.42383401428938,570,57.0
9,Xi’an,14.768501511311577,54.26446102778695,744,74.4
10,Burgos,11.364510886468615,35.782837639433865,836,83.6
11,Liège,11.939670587878316,26.89154636520322,575,57.5
12,Castelló de la Plana,18.020945186009147,33.603168644172534,717,71.7
13,Freiburg,12.028230038022167,34.138146653587434,674,67.4
14,El Paso,16.63532137441411,83.53929263165156,969,96.9
15,Chennai,26.716007415986557,40.23477642027974,998,99.8
16,Buenos Aires,15.033729986411435,48.39508603627556,999,99.9
17,Granada,16.332295256129466,37.71700308831764,611,61.1
18,Québec,7.794584990309407,63.8088039484925,775,77.5
19,Mecca,27.51871412606675,31.403057809820922,952,95.2
20,Karlsruhe,13.016697549067546,34.16564730551241,610,61.0
21,Tallinn,5.836337136964917,38.87160496977378,935,93.5
22,Poznań,11.472985965107073,36.66638528462639,634,63.4
23,Modena,15.621523543660642,37.73774045846625,653,65.3
24,Linz,11.678593339363644,45.76887888251902,792,79.2
25,Guiyang,15.802843717276422,46.03389246089464,847,84.7
26,Wuhan,18.35647579439779,57.670451709333804,778,77.8
27,Córdoba,17.9615524202037,42.71141869069011,730,73.0
28,Mérida,22.59560114277022,87.88563037753252,999,99.9
29,Kütahya,12.556109056868232,44.228116792365974,772,77.2
30,Yazd,21.76703798974169,55.44073407180818,715,71.5
31,Leeds,11.408196020778755,32.69555505812319,919,91.9
32,Abha,20.043126724036068,20.512771924034443,898,89.8
33,San Jose,12.988822300011819,47.39204035212101,976,97.6
34,Braşov,10.919506060573015,46.691565787099535,731,73.1
35,Hohhot,8.217461293650116,68.31192255402487,694,69.4
36,Amman,18.976303033760207,43.07277953661712,952,95.2
37,Denizli,16.55363844187885,50.62368816389393,852,85.2
38,Kaunas,9.445879873818555,38.37988204741126,631,63.1
39,Nîmes,16.074751619227605,34.20781393422397,677,67.7
40,Baia Mare,11.221955272089287,45.23409413154312,682,68.2
41,Tuzla,11.717921816704495,41.13357954113306,644,64.4
42,Amsterdam,12.369396278041465,24.035276674308804,532,53.2
43,Vancouver,10.864403839193185,29.719056072851274,607,60.7
44,Brno,11.271246432238506,40.6774892865292,645,64.5
45,San Luis Potosí,14.986581541218639,55.430197132616485,983,98.3
46,Livorno,15.940466895112055,37.53331588483204,757,75.7
47,Ningbo,21.007768069358033,54.501270171476634,958,95.8
48,Adana,20.400253668805437,39.95172811414213,739,73.9
49,Jinan,15.220744876303662,61.087581564799066,765,76.5
50,Keelung,23.661542315366006,23.620860578366205,609,60.9
51,Darmstadt,12.528918628723273,31.35788607712273,576,57.6
52,Kamianske,13.29935528415943,51.0675590666374,722,72.2
53,Oradea,12.093225690198551,42.97591479226605,627,62.7
54,Płock,10.453527726676366,40.64044654316761,678,67.8
55,Rouen,12.559370507829215,27.376449455948183,745,74.5
56,Belgrade,13.993262625784178,43.37841512275884,702,70.2
57,Ottawa,8.088161179291601,59.91165445835219,692,69.2
58,Saint Paul,9.323584795580762,64.90300469691601,718,71.8
59,Foshan,23.97478183006896,35.95200750460761,821,82.1
60,Haiphong,26.36947941858023,17.484173214778078,930,93.0
61,Huế,26.910603530251556,14.966969661427811,970,97.0
62,Brussels,13.107511748540672,28.768477895852733,731,73.1
63,Wrocław,11.53285695441007,41.96290454493596,759,75.9
64,Oakland,14.35331260585293,21.56066672574738,721,72.1
65,Yinchuan,11.053435987075586,61.161806663488555,720,72.0
66,Tampere,6.5149907032776895,42.74756488351594,643,64.3
67,Kuala Lumpur,27.500670713694902,5.611036866359427,958,95.8
68,Hanoi,24.861371002545226,26.94364161322237,727,72.7
69,Richards Bay,19.00176048303342,52.18220322245625,975,97.5
70,Szczecin,10.834781454023668,33.539698372632195,666,66.6
71,Barcelona,17.430422223308764,34.49285088845156,745,74.5
72,Tokyo,17.45728243785321,52.8152888842711,821,82.1
73,Perpignan,17.29952982122905,30.29769985354718,644,64.4
74,Changzhou,17.519618432874132,50.41735552221233,703,70.3
75,Jieyang,23.103252154238664,39.715085655986016,845,84.5
76,Indianapolis,12.912156279115921,60.11899206769393,868,86.8
77,Kermanshah,16.95075133254152,55.723576496269715,719,71.9
78,Düsseldorf,12.568653983669279,28.177052662298777,570,57.0
79,Moscow,9.010303268328714,47.3711784000153,741,74.1
80,Miyazaki,18.630778089204792,42.799796791738004,763,76.3
81,Munich,10.793113750049235,35.735936626097924,678,67.8
82,Raleigh,17.6623393751842,45.32741403078446,864,86.4
83,Sejong,11.344452613879755,78.62496140060658,959,95.9
84,Split,13.14584975953674,53.87077211335034,904,90.4
85,Suncheon,12.747148584405954,88.41624698739342,989,98.9
86,Cape Town,15.52037975475684,118.0882798664278,999,99.9
87,Honolulu,23.63360604001733,17.519731478199255,947,94.7
88,Bratislava,9.534048880454607,65.20834216318231,977,97.7
89,Little Rock,17.77901391758038,50.328300426399714,879,87.9
90,Ulan Bator,-0.1665592178801291,85.10773918177976,640,64.0
91,Bergen,8.851093015947717,25.404619176476107,735,73.5
92,Ḩawallī,28.28805827021205,55.598759644755205,748,74.8
93,Ternopil,-6.090220095316865,150.29913876088074,999,99.9
94,Taiping,29.92243459273701,17.92281775572108,999,99.9
95,Las Palmas de Gran Canaria,20.75477556547704,16.576845828902275,799,79.9
96,Medellín,6.740896688381774,109.3149891053466,999,99.9
97,Arāk,15.901036870603749,62.61865588426839,851,85.1
98,Thessaloníki,17.319358813229783,37.58155597091083,993,99.3
99,Antwerpen,13.204278284748254,26.07548485348538,554,55.4
100,Berlin,12.600593914721415,34.97976984500483,630,63.0
101,Johannesburg,11.909687050528262,82.61728135046268,999,99.9
102,Besançon,10.903523206972968,32.57860726743292,592,59.2
103,San Antonio,19.866491668092753,74.83693441430651,973,97.3
104,Chiang Mai,23.71616981025247,78.87959420172126,999,99.9
105,Saint Petersburg,14.381513227513228,35.80935449735449,498,49.8
106,Turku,7.527396371935443,37.3708144249614,601,60.1
107,Ghāziābād,28.97326857799536,15.534058354588797,999,99.9
108,Salt Lake City,8.866409911772816,63.654356217259426,962,96.2
109,Niigata,15.277749890157429,49.59294711529971,799,79.9
110,Charleroi,11.695605690502797,26.63281746988644,631,63.1
111,Accra,26.424234904880063,4.990736145574843,858,85.8
112,Sydney,18.217005896865466,22.210422477966986,618,61.8
113,Takamatsu,16.996246712362538,48.61866006745389,718,71.8
114,Piteşti,14.818646453594027,52.24168858630156,906,90.6
115,Stavanger,9.308734051605299,23.66298813734162,665,66.5
116,Strasbourg,13.190881668310057,36.06215714431723,743,74.3
117,Taitung City,17.930031062359344,120.36302081593172,999,99.9
118,Mainz,14.21964236092315,38.68676873367641,957,95.7
119,Nagpur,23.542341840096718,23.076213737952862,960,96.0
120,Kyoto,17.226086395258744,53.80905077341392,853,85.3
121,Addis Ababa,16.82595007799267,6.906673729182506,669,66.9
122,Oslo,8.71707714513888,32.754721801187316,522,52.2
123,Calama,14.266255894488653,21.411367950891037,862,86.2
124,Qingdao,14.52659284634535,57.88005292816192,793,79.3
125,Nizhniy Novgorod,10.852027649769585,25.222749615975424,881,88.1
126,Bydgoszcz,10.41111778485388,38.83544382851111,745,74.5
127,Niš,12.702392324567661,42.72817323141572,632,63.2
128,Sevilla,19.64586049348007,32.65608376421507,661,66.1
129,Delhi,25.46138600021595,38.13421491166416,623,62.3
130,Gasteiz / Vitoria,12.583197975704932,32.22809534844708,865,86.5
131,Novosibirsk,8.365747843554296,53.408631218244125,954,95.4
132,Zhengzhou,16.694569318643293,57.222745952292655,712,71.2
133,Kerman,19.67856118560524,50.727496178240536,825,82.5
134,Pamplona,14.344952826297723,31.865652796561108,775,77.5
135,Nicosia,18.507314645834942,64.05257322917483,917,91.7
136,Saint-Étienne,12.494314586584467,36.14808642607242,738,73.8
137,Pécs,13.007712985938795,40.09915632754341,576,57.6
138,Leicester,10.453419921368335,23.50449827154985,825,82.5
139,Bilbao,17.14307042589718,38.69360863583334,942,94.2
140,Nakhon Pathom,28.75737064608033,4.397985479275778,934,93.4
141,Nice,16.217424088085934,36.5820891412382,806,80.6
142,Dublin,10.356678667434714,18.7823055875576,653,65.3
143,Miri,26.994850624286105,2.9588532435306725,619,61.9
144,Ho Chi Minh City,27.7487307643369,5.604223894234195,777,77.7
145,Queens,14.861007383015021,98.84122218801761,975,97.5
146,Breda,12.386470655395152,27.145551588829576,637,63.7
147,Guadalajara,17.436044891488443,61.758465280239484,993,99.3
148,Ashkelon,21.55128877222148,37.52571575050832,753,75.3
149,Hyderabad,28.735714047184427,9.544810078455072,999,99.9
150,Okayama,15.771540315025788,49.816516925518265,717,71.7
151,Ulsan,12.494436235961539,86.65070882414463,992,99.2
152,Nantes,13.531636506646242,27.107911914744452,750,75.0
153,Port Elizabeth,13.939950067467448,52.50157827565155,997,99.7
154,Singapore,27.821935891324106,3.9231158348510533,704,70.4
155,Zaporizhia,12.734518360969973,49.66896096734806,736,73.6
156,Rijeka,14.283373848605358,37.87675707966793,680,68.0
157,Boston,11.677388789062872,47.50174557675671,712,71.2
158,Nashville,18.289040759121402,49.72531683668782,932,93.2
159,Halifax,7.409735136788807,49.396039932444275,771,77.1
160,Willemstad,27.385668543108178,6.879807377729936,986,98.6
161,Istanbul,16.319881860661894,42.68202038352205,750,75.0
162,Ipoh,29.806924184686284,19.37421009098428,999,99.9
163,Bloemfontein,13.118302727491269,51.89836060620877,988,98.8
164,Fort Worth,18.636356019474903,69.13862684287658,885,88.5
165,Hannover,12.407828086805011,29.406418479473647,532,53.2
166,Wakayama,17.871047277211417,50.595062642523715,860,86.0
167,Huelva,18.519142306561825,29.745478831731205,647,64.7
168,Victoria,10.593907430892553,25.06629148467095,596,59.6
169,Göteborg,9.327863641734607,30.273647642679883,568,56.8
170,Jerusalem,17.10132578946591,36.317135619756584,714,71.4
171,Rancagua,16.60497508763638,38.30382026359501,861,86.1
172,Southend-on-Sea,12.521614232541651,24.502143891055187,610,61.0
173,Launceston,11.758197363676368,22.646716714644278,754,75.4
174,Novi Sad,15.31896711428051,40.33215671763548,866,86.6
175,Kolkata,25.678472359737658,24.518151643190613,500,50.0
176,Toulon,17.560574648130267,36.04608498996984,781,78.1
177,Shenyang,9.987265885918555,70.37112022447951,690,69.0
178,İzmit,9.10717941757291,85.00295151070037,954,95.4
179,Columbia,18.62820410459462,44.380527508274355,949,94.9
180,Auckland,10.54375158558242,73.47292776574362,999,99.9
181,Funchal,15.96117545758119,15.557881896200866,796,79.6
182,Chuncheon,10.656523441797356,73.74738823051257,922,92.2
183,Haikou,24.837917814226458,21.14660213248187,619,61.9
184,Nagano,13.244431860084667,55.83605049566677,768,76.8
185,Seremban,27.409610141202887,4.246008803024946,770,77.0
186,Münster,12.557398559449448,29.567006492765678,581,58.1
187,Xinxiang,16.867007183738274,58.64858412243422,728,72.8
188,Jaipur,26.05903918816321,33.55947044334978,642,64.2
189,Seattle,11.39151603548781,32.20321765823785,748,74.8
190,Jackson,20.079547595449288,38.20316683185499,831,83.1
191,Jakarta,28.092079774060448,6.681264575786955,995,99.5
192,Clermont-Ferrand,13.080868885316884,34.97404509453591,771,77.1
193,Almaty,14.553155040896977,28.824332322396824,934,93.4
194,Trieste,15.945659690220173,37.92492735535076,648,64.8
195,Debrecen,12.025075599533332,43.14286115287507,638,63.8
196,Baltimore,14.007681065381286,57.31636231615376,834,83.4
197,Karaj,18.63488201939884,61.83040621040067,894,89.4
198,Buraydah,27.968966035818088,46.91406094832121,827,82.7
199,Timişoara,12.673733046881074,44.08933423170396,575,57.5
200,Daegu,12.387692382392052,85.8207432284685,982,98.2
201,Qom,18.05346079426264,53.46367567549396,670,67.0
202,Tainan,18.151966453704496,125.11043184259813,999,99.9
203,Morelia,15.811579128756549,58.668897160187484,993,99.3
204,Sarajevo,10.488863484186064,39.507059356414196,560,56.0
205,Dijon,14.522751063632438,38.20101707252596,990,99.0
206,Calgary,4.409858522934858,52.86663575540453,653,65.3
207,Salem,11.75428199712474,31.6010573969042,669,66.9
208,Adapazarı,8.988615559141145,84.71817320764762,938,93.8
209,Dongguan,24.159708918877442,36.443674385187165,806,80.6
210,Detroit,10.46987001396206,71.5657567644011,955,95.5
211,Trondheim,6.614972599625687,36.84248909723326,737,73.7
212,Skopje,12.846048641754983,42.43174552922049,576,57.6
213,Olomouc,10.338987012770938,40.6695239942359,689,68.9
214,Johor Bahru,27.478861810232786,4.279537102682198,963,96.3
215,Lhasa,8.992569252432157,40.07236059907834,582,58.2
216,Liverpool,11.396784882402237,20.02334777075602,609,60.9
217,Melbourne,10.210400141895555,68.72591927283878,999,99.9
218,Tehran,19.033019668718804,58.485735123367846,796,79.6
219,Lisbon,16.67024724435296,20.07595528462191,681,68.1
220,Manila,24.03008583128955,76.66299342867788,998,99.8
221,Dallas,18.794915468754457,71.30855583839595,941,94.1
222,Dhaka,26.13963184996625,22.130410124497295,629,62.9
223,Montpellier,16.890475709504344,32.496562506587864,656,65.6
224,Saint-Denis,20.574047549441044,26.125928782625124,999,99.9
225,Samut Prakan,20.43967851268741,141.1810829221452,999,99.9
226,Nanjing,17.59805635603119,51.92361366787953,759,75.9
227,Warsaw,12.118760402479117,39.32227629480272,650,65.0
228,Orléans,13.083416542053913,31.397866616142544,719,71.9
229,Puebla,15.485548652472774,41.617936279998965,960,96.0
230,Orūmīyeh,11.921734492333767,50.65666169573847,636,63.6
231,Lyon,14.006783367185896,37.535534497868355,685,68.5
232,Birmingham,10.91319766077761,21.43027640092574,628,62.8
233,Matsuyama,17.53319095095826,46.83551280565776,768,76.8
234,Yunfu,22.682925269700018,32.02386697741764,675,67.5
235,Manama,28.344929881560162,42.494324388378914,809,80.9
236,Kota Bharu,27.297797151325373,3.942197039072063,431,43.1
237,Nijmegen,12.398861354394585,26.47461795920988,509,50.9
238,Temuco,10.281708723790386,20.17734004121915,655,65.5
239,Malacca,27.330663624010402,3.961198747489078,444,44.4
240,Dresden,12.099126427569628,36.34678821879385,736,73.6
241,Middelburg,11.132957802455856,79.17226457018448,999,99.9
242,Oaxaca,19.278306210536467,71.57751055643158,997,99.7
243,Râmnicu Vâlcea,13.657503494083114,49.649541939808216,842,84.2
244,Bologna,15.737745283390444,39.94782602701957,660,66.0
245,Beijing,13.933465180286127,64.29217103082925,717,71.7
246,Eindhoven,12.271496245149612,26.518226830177596,558,55.8
247,Concepción,13.014711182788906,15.357133928826073,938,93.8
248,Oviedo,14.123111357535372,26.557208586972916,851,85.1
249,Odessa,13.333237461741268,51.44009270410793,749,74.9
250,São José dos Campos,20.125052335657177,16.394937669857036,851,85.1
251,Kitchener,9.82456388338827,54.451595856405405,757,75.7
252,Changwon,12.232740867617123,84.82228952159572,989,98.9
253,Nanchang,19.317152576937335,55.047403040415304,807,80.7
254,Baghdad,25.815865982455847,49.39361562656495,838,83.8
255,Groningen,11.587521307252258,26.537662280943003,628,62.8
256,Milwaukee,10.399741645003742,57.166002033360925,722,72.2
257,Bandar Abbas,28.04728058108145,35.822010845853896,984,98.4
258,Burgas,14.514186053371605,45.2734933253235,741,74.1
259,Dushanbe,18.454933012441355,56.49122900541144,992,99.2
260,Ürümqi,10.514588648898995,77.10812580387105,605,60.5
261,Marseille,16.433165506783414,43.13467594573269,905,90.5
262,Brooklyn,14.5864194237662,45.53670912599944,686,68.6
263,East London,14.493545412104043,82.69716990852174,999,99.9
264,Jeonju,11.770078322678435,81.59054825874904,975,97.5
265,Quilpué,13.001852468690622,14.677839982289369,621,62.1
266,Kecskemét,12.637974950290717,41.925017601975334,640,64.0
267,Suzhou,18.747843953259693,49.03176450295472,770,77.0
268,Reykjavík,5.694908851437773,26.727294890500676,824,82.4
269,Gent,12.395894886074254,25.28579866694296,606,60.6
270,Peshawar,24.904199884819434,56.259395485912535,998,99.8
271,New Delhi,24.870378873124977,48.253968129468745,755,75.5
272,Dunedin,10.389818314454992,17.023977715512494,995,99.5
273,Sacramento,16.308129948008983,33.17868929457642,712,71.2
274,Philadelphia,13.408967761629052,62.53912452243098,905,90.5
275,Namur,12.095136096368714,26.54246962259409,638,63.8
276,Kuantan,26.82013059297334,2.7169551282051465,613,61.3
277,Palma,19.26332485830817,35.330596959584724,758,75.8
278,Gifu-shi,17.807971383802514,43.73797814879781,851,85.1
279,Muzaffarnagar,29.815783987132008,8.33744008833823,844,84.4
280,Cuernavaca,14.35985450556015,52.87812769965996,996,99.6
281,Ashdod,20.950151086592623,36.78814614596874,731,73.1
282,Sofia,10.664675986477986,74.29767814190508,993,99.3
283,Zamboanga,13.788080495356036,13.96191950464396,0,0.0
284,Yeosu,12.726177631230465,87.56600203930296,990,99.0
285,Chengdu,18.530171193131427,42.1914975821052,771,77.1
286,Craiova,13.140656351258604,40.205670885605755,574,57.4
287,Abidjan,26.59251452471999,5.384845392646923,848,84.8
288,Sanandaj,15.575953795493843,57.6262443048238,811,81.1
289,Seongnam-si,14.585722719994136,55.48929262061633,956,95.6
290,Kabul,14.371441998861354,51.919114756211535,988,98.8
291,Oulu,4.3347257602735905,46.231877649294226,628,62.8
292,Nagoya,17.774021723703314,46.69614900934563,810,81.0
293,Málaga,18.9060398475582,32.25510786642602,749,74.9
294,Suwon,11.436146359202532,78.55302451441773,959,95.9
295,Miami,25.07036110618772,14.836250935444507,594,59.4
296,Manchester,11.290028266212218,21.69340830895404,728,72.8
297,Los Angeles,15.799375516956163,60.80689826302731,995,99.5
298,Columbus,13.68981233048252,56.11056099845035,865,86.5
299,Athens,18.636347147476183,37.40625954690472,986,98.6
300,Atlanta,17.228517394344006,41.93325869471032,895,89.5
301,Glasgow,10.113045128016772,19.659383661372434,705,70.5
302,Irbid,20.8604335025816,42.68674879369618,968,96.8
303,Tarnów,10.965563635860493,37.22337577042596,622,62.2
304,Norwich,11.62113060774351,24.528752412462094,653,65.3
305,Salzburg,10.483299056338547,37.39995633121049,636,63.6
306,Zanjān,15.076123859995525,55.58875105551968,643,64.3
307,Győr,12.534573850710531,41.697230356854234,715,71.5
308,Saitama,17.422252715844902,57.47574171410102,838,83.8
309,Algiers,19.702392406907144,35.333518592086435,977,97.7
310,Utrecht,14.80759422523466,27.806840423357404,665,66.5
311,Islamabad,20.84534281273047,42.829333147942194,976,97.6
312,Charlotte,17.26944708270348,51.49324054267326,859,85.9
313,Caen,13.322742875968956,27.739458620050073,992,99.2
314,Fuzhou,20.9632975088655,38.43962886537206,736,73.6
315,Portland,10.86349600220568,48.61549214226633,957,95.7
316,Kaohsiung,18.773017502828402,129.44445585313215,999,99.9
317,Salamanca,12.520198414396136,36.523466448271776,754,75.4
318,Cheongju-si,12.16978818379124,84.36093107964221,976,97.6
319,Daejeon,11.911643424860891,81.8642625947159,969,96.9
320,Bamako,27.120218380062656,15.080705334709759,982,98.2
321,Rome,17.280847350230417,37.22247676651307,629,62.9
322,Adelaide,17.16130168322285,25.168616007848946,590,59.0
323,Santander,15.416315792645742,25.782985332705906,828,82.8
324,Florence,15.695793247075505,42.85227162353774,724,72.4
325,Mokpo,11.922483319887382,82.69531427369444,987,98.7
326,Parma,15.78218491479476,35.78097653273683,548,54.8
327,Zabrze,10.984833804111474,39.26787889576126,650,65.0
328,Helsinki,7.934407078445594,39.731812657972974,642,64.2
329,Guatemala City,18.873961578005385,4.878693350040987,908,90.8
330,Kayseri,11.795790443797953,46.40668144193589,673,67.3
331,Ha'il,25.45237989688331,50.581041836317524,848,84.8
332,Omaha,12.296961257828196,58.72930772184802,672,67.2
333,Oklahoma City,16.58464667277167,62.96761478888503,885,88.5
334,Bishkek,12.869262780230521,52.94263383631569,859,85.9
335,Cluj-Napoca,10.627824035047668,45.309323653147494,673,67.3
336,Fresno,17.121571546732834,60.68628618693138,881,88.1
337,Pilsen,9.923875748695133,33.69775626051737,589,58.9
338,Nur-Sultan,5.200799473129146,72.08479323281466,736,73.6
339,Taipei,23.176436450553528,28.888849118067707,792,79.2
340,Chicago,11.450719524882485,57.11162999248927,765,76.5
341,Staten Island,14.18765129454115,45.85018749313318,680,68.0
342,Shijiazhuang,14.388571033851207,65.95064792433189,755,75.5
343,Qiqihar,6.172566924007274,78.1908761785582,638,63.8
344,Akita,13.358680600545172,57.00431863649883,830,83.0
345,Naha,23.99408173942761,25.511001998557614,808,80.8
346,Shanghai,18.62031176531107,46.576881407200545,728,72.8
347,Belfast,10.613412288412986,18.763291676343695,760,76.0
348,Durban,18.649505932894886,19.791171272320664,989,98.9
349,Fukuoka,17.938323683484978,46.66588365039976,833,83.3
350,Guangzhou,23.99665987238568,35.75288372917404,768,76.8
351,Wollongong,17.52697155875271,22.765387946314057,714,71.4
352,Cochabamba,16.67272164709595,14.085509332158392,927,92.7
353,Szeged,12.890465659510433,42.45756504649719,655,65.5
354,Vientiane,28.59730989093773,12.215189228672447,970,97.0
355,Chihuahua,14.944225806451612,55.293032258064514,906,90.6
356,Tallahassee,21.657000201859073,32.95593386899839,862,86.2
357,Kuching,26.357169689629373,4.297607969986977,952,95.2
358,Kumamoto,16.660891004079964,51.70002946819898,849,84.9
359,San Juan,24.784085612503716,12.107499816995926,981,98.1
360,Nanning,22.699823102524714,38.725772726377585,861,86.1
361,Hefei,17.271023248936206,50.942622203683115,692,69.2
362,Graz,11.73965261904083,36.79116482701579,568,56.8
363,The Hague,12.412616396926701,24.753050096931887,591,59.1
364,Mississauga,9.660246044818487,53.80883788339643,731,73.1
365,London,11.690376120002783,39.291614471808494,738,73.8
366,Zaragoza,17.49447220318777,42.14587607097258,992,99.2
367,Hsinchu,17.46947990305332,120.31302598803991,999,99.9
368,Netanya,20.89357705354681,33.7427814210879,717,71.7
369,Visakhapatnam,30.196901477719322,15.986263098033735,999,99.9
370,Valladolid,15.50610390913691,44.59411730320518,992,99.2
371,Vantaa,7.413994916682628,39.33011652140961,634,63.4
372,Tel Aviv,21.91584095843672,37.49219706368902,790,79.0
373,Miskolc,11.155401733509356,41.66733809849774,584,58.4
374,Dnipro,12.270570125969106,56.81951729651224,857,85.7
375,Douliu,17.674081622709263,121.80857135896487,999,99.9
376,Tianjin,14.87476515589836,62.59105251086201,729,72.9
377,Tbilisi,14.470602293516642,40.50744496512016,981,98.1
378,Kampala,22.643222645718822,6.669518254579437,973,97.3
379,Shantou,23.65483529555971,31.750672474231983,781,78.1
380,Thrissur,27.205708568987045,7.653655846868574,912,91.2
381,Luton,3.6666666666666665,0.0,0,0.0
382,Nancy,12.435413441844892,33.03646611229275,666,66.6
383,Haifa,20.42148729518689,33.96197260624682,745,74.5
384,Rybnik,11.22524143126062,39.256938509210464,752,75.2
385,Chandigarh,23.686252682399793,41.43742997408596,872,87.2
386,Shenzhen,24.224470657262653,34.72161534794462,801,80.1
387,Toulouse,14.492747783285184,40.318010921611496,825,82.5
388,Thiruvananthapuram,28.718505664742267,6.41898349128563,998,99.8
389,Hangzhou,18.81871996561095,47.77453684802417,705,70.5
390,Copenhagen,11.847896274213124,31.724403110656652,749,74.9
391,Tucson,18.577061301154043,88.5994905520107,983,98.3
392,Ōita,16.59619419971791,51.61964492199651,877,87.7
393,Jeddah,29.688488819300833,27.532920286980353,919,91.9
394,Innsbruck,8.81824038902946,36.385676933297205,679,67.9
395,Balıkesir,15.240917667643195,45.69846511046734,732,73.2
396,Kanazawa,15.40629855737823,51.669611540974145,743,74.3
397,Bucharest,14.754790550814318,48.46151990774062,685,68.5
398,Fushun,9.869297055913435,70.03304290753123,654,65.4
399,Dordrecht,12.50222084452132,25.0383232955556,576,57.6
400,Stuttgart,11.747672976587742,31.851606215901285,592,59.2
401,Jeju City,13.66415279798066,94.8525178617267,996,99.6
402,Lahore,25.93800953354551,49.772956295504756,999,99.9
403,Changsha,18.949432677537516,54.59507621410847,751,75.1
404,Ecatepec de Morelos,16.385314322310986,5.303490410220112,785,78.5
405,Hamilton,10.55760792308745,51.92350759573282,997,99.7
406,Alor Setar,27.02341528319351,6.840065210327339,981,98.1
407,Vienna,13.043725009541193,40.884424136301234,717,71.7
408,Prato,15.500920418291392,40.832839241403704,706,70.6
409,Surrey,10.526419858722422,31.600051244022314,579,57.9
410,Krasnoyarsk,5.171148577044017,48.12633434418752,985,98.5
411,Los Ángeles,15.450060382856542,30.46392443408157,862,86.2
412,Chiba,16.704744392765807,56.8722242679765,848,84.8
413,Rennes,13.069577300951975,23.08834264590105,597,59.7
414,Klang,27.458029535428736,6.680587951475069,977,97.7
415,Ankara,11.746064293048441,63.574001775477015,892,89.2
416,Metz,12.248625199652034,31.59592761289511,646,64.6
417,Ploieşti,11.022825759959831,48.67205741244152,728,72.8
418,Hāpur,29.432843686293012,13.151769767588807,995,99.5
419,Las Vegas,20.61792866497302,54.68804091338774,686,68.6
420,Yokohama,17.219558313231417,48.22729693500889,845,84.5
421,Amiens,12.287409822133128,25.34684092248746,649,64.9
422,Augsburg,10.330266378427531,35.14265148003955,701,70.1
423,Khorramabad,19.970253575910554,64.80123288696842,824,82.4
424,Taoyuan City,17.084908635425872,117.68769378131454,999,99.9
425,Bursa,13.65834441436082,43.33313715823171,699,69.9
426,Quito,9.9870335451071,68.49805202005076,999,99.9
427,Uppsala,7.816168878627863,35.23109784936051,638,63.8
428,Dubai,30.749752520375434,33.611980992681765,840,84.0
429,Wuxi,17.542975797623466,50.9536479289157,726,72.6
430,Richmond,15.910242838783894,41.33227667982068,726,72.6
431,Osaka,17.22348974355579,52.63885624510209,821,82.1
432,Pristina,10.55047870140612,71.90335090984284,950,95.0
433,Tours,11.022713759250884,55.59126672425337,974,97.4
434,Mysore,27.51228120867721,7.377681750540475,953,95.3
435,Baguio,21.3461499282151,48.90862472872614,979,97.9
436,Utsunomiya,16.043326865863715,55.03069690104727,880,88.0
437,Stockholm,8.639180318044334,36.570509885152546,649,64.9
438,Turin,14.98447095210026,39.83659797459578,631,63.1
439,Dammam,29.24791713662681,39.118080306789956,808,80.8
440,Sibiu,10.552548932860637,44.47463058825511,649,64.9
441,Hong Kong,24.322044215286013,35.70073446483069,822,82.2
442,Springfield,13.765253269988541,59.180646464918894,846,84.6
443,Cardiff,11.487452890778114,20.332130839822028,576,57.6
444,Santa Cruz de Tenerife,18.57688056767729,19.48334140260307,793,79.3
445,Lviv,11.099356797701446,35.64075399416653,724,72.4
446,Wiesbaden,12.736533732535541,34.613378249948035,666,66.6
447,Brisbane,14.429588229561814,100.4278072621051,999,99.9
448,Naples,17.580531689837166,38.401009353935535,773,77.3
449,Mashhad,17.819560717629333,53.71443707383174,951,95.1
450,The Bronx,13.390040025479403,65.13589981270741,915,91.5
451,Antakya,20.26585057790141,41.60599107571347,721,72.1
452,Pokhara,42.847223261377636,410.8097439534351,918,91.8
453,Andong,10.76274142107429,74.54608649924418,957,95.7
454,Biratnagar,21.352396037750882,37.390626439852284,995,99.5
455,Grenoble,10.918963665027348,37.42686712511934,788,78.8
456,Valencia,18.84437848881745,34.567122627094804,718,71.8
457,Gandhinagar,27.0241254332585,26.219140808672257,545,54.5
458,Memphis,18.071714794521387,47.45573837383417,865,86.5
459,Pachuca de Soto,14.601464364488555,53.66392197408335,997,99.7
460,Bristol,11.95343107030468,22.5104986368995,696,69.6
461,Mumbai,28.072461170565315,11.86711160803414,702,70.2
462,Tashkent,16.817041137317137,48.334826878257104,576,57.6
463,Katowice,11.250414426523298,39.623319892473106,643,64.3
464,Kochi,17.694911091179858,45.42299030363414,768,76.8
465,Madrid,16.757137255511143,40.672619856583275,742,74.2
466,Potsdam,12.295166138165998,36.511046181756704,751,75.1
467,Xuchang,16.631192080537186,58.20369844699239,721,72.1
468,Manhattan,13.654279509516138,46.349419837849375,688,68.8
469,Kagoshima,19.523154180010753,45.06802826680644,833,83.3
470,Washington D.C.,15.086563334005634,58.18915307555807,867,86.7
471,Ostrava,11.394128275583641,41.26213508565344,769,76.9
472,Malmö,11.319215235928946,38.31687224290047,969,96.9
473,Köln,12.93379551760809,30.86185055026544,622,62.2
474,Valparaíso,12.905491755185862,14.61007193585056,697,69.7
475,San Francisco,14.029408946787981,19.27833540115803,854,85.4
476,Tepic,17.87224393438103,65.96316928591126,993,99.3
477,Seoul,11.471048940553947,79.52492879077418,970,97.0
478,Kathmandu,17.816774293445892,31.46376254178268,663,66.3
479,Qinhuangdao,13.027829921592435,64.7543303337992,741,74.1
480,São Paulo,21.229174143508825,19.44887701903832,934,93.4
481,Austin,19.28367186916409,72.66049392826926,966,96.6
482,Lima,19.095327823208805,19.33724624158442,793,79.3
483,Brescia,15.30172639674934,43.96968941630301,690,69.0
484,Murcia,19.51012449221153,35.28173639717723,680,68.0
485,Santiago,14.538400123390389,31.111273982012293,780,78.0
486,Kassel,11.344156278309503,35.68620785576431,741,74.1
487,Taiyuan,12.600758673488789,60.65575856907894,787,78.7
488,Bengaluru,25.135545527964194,5.30555749180677,877,87.7
489,Harbin,6.892180187355528,83.15113100197229,699,69.9
490,Milan,15.642250364500782,42.586551576436165,691,69.1
491,Bacău,12.198809455237923,46.40328004989368,749,74.9
492,Isfahan,17.038922755883963,58.29668049375849,778,77.8
493,Preston,11.050667860674116,22.068143373589706,680,68.0
494,Aguascalientes,16.71740830267248,61.837375146173855,980,98.0
495,Zenica,10.513165691835045,39.72886801370673,588,58.8
496,Plovdiv,15.47037513997713,49.592647299825074,940,94.0
497,Shiyan,18.158208063565404,81.27451719859677,925,92.5
498,Rotterdam,12.515848776605992,24.833659342776492,560,56.0
499,Taichung,23.137628689827665,34.09617920501821,921,92.1
500,Tabriz,13.927217712225357,57.445161528003595,737,73.7
501,Łódź,11.142513192915724,40.737393960785234,733,73.3
502,Samsun,14.749904305811915,43.433193863399325,687,68.7
503,Osorno,10.940853408888723,22.911873396502173,803,80.3
504,Sapporo,10.142158723198072,58.335848493985324,731,73.1
505,Trabzon,16.65686040808469,39.39565436973109,754,75.4
506,Lanzhou,8.322328857800214,54.15287451394238,662,66.2
507,Limassol,18.73716674612003,63.61259235128982,950,95.0
508,Talca,13.91243907302375,28.433601022401774,859,85.9
509,Sendai,13.597718499713428,57.193520819496875,816,81.6
510,Chon Buri,22.47385198891456,155.3836305890686,999,99.9
511,Hiroshima,17.781416356323195,49.35329280532844,828,82.8
512,Prague,11.53407043404624,36.42364191185159,666,66.6
513,Busan,12.748932595028258,88.46321782037022,994,99.4
514,Shizuoka,17.830994164198895,50.83086389070993,920,92.0
515,Montréal,9.061649667382428,62.57068278788942,763,76.3
516,San Salvador,24.19073554978782,8.832431096279926,996,99.6
517,Nashik,22.704695046795994,22.05288156967245,656,65.6
518,Worcester,13.24142042163599,52.53505909742726,986,98.6
519,Pretoria,12.499734754801496,84.41346943626144,999,99.9
520,Sheffield,10.512976849192087,21.60889663389385,653,65.3
521,Īlām,17.7764659637421,58.103648634149216,707,70.7
522,Xining,6.589211705687095,49.932865494288194,716,71.6
523,Tomsk,9.895628159176546,33.7804613546549,930,93.0
524,Butuan,22.957967216341515,77.72710696060427,999,99.9
525,Nara-shi,17.393774807953758,52.18517788045595,850,85.0
526,Denver,10.294668970814133,70.38601612903227,952,95.2
527,Klerksdorp,12.621564659454442,84.9647753401517,999,99.9
528,Iaşi,12.720920760709989,45.961204919069466,648,64.8
529,Vereeniging,11.86121462118403,83.52025460388086,999,99.9
530,Lille,12.496153111040485,27.448786062997712,679,67.9
531,Sivas,8.055357975589484,50.00078876560036,737,73.7
532,Colombo,27.675795910460817,7.807764820768142,679,67.9
533,Kyiv,12.57480133326073,40.63184543302452,745,74.5
534,Wellington,13.807331948502002,18.45825869301264,787,78.7
535,Rayong,20.22885839441735,139.68200876092146,999,99.9
536,Hạ Long,24.73875362655432,23.370984881540085,896,89.6
537,Gdańsk,9.779624455540752,36.12182315922861,702,70.2
538,Ashgabat,20.15535556965284,57.848677554091864,994,99.4
539,Abu Dhabi,29.10562785302079,33.625944917769175,755,75.5
540,Kraków,10.999964587229604,41.14214796049335,728,72.8
541,Zagreb,13.796790730019017,39.53732013601493,581,58.1
542,Brăila,13.270518092328109,46.14118677993329,650,65.0
543,Xiamen,23.33901050516039,35.256733163017934,788,78.8
544,Bordeaux,14.804363559055579,34.31794727658325,777,77.7
545,Bangkok,20.874179545015195,144.21592348177307,999,99.9
546,Bhopal,30.451988729082363,4.65790547189199,999,99.9
547,Hobart,12.265708675593965,19.734736191922657,697,69.7
548,Gwangju,12.301374332625722,85.30962032838008,980,98.0
549,Zarqa,18.96845814845147,43.066888443406775,949,94.9
550,Ivano-Frankivsk,10.958363070621136,44.29011894915122,681,68.1
551,Macau,22.831873086667997,33.53134477614525,704,70.4
552,Karachi,27.735512859649763,30.703233704608902,997,99.7
553,Changchun,8.013409604315472,78.2232920557844,701,70.1
554,Incheon,11.45916531018728,79.44863992993166,972,97.2
555,Vitória,23.648587589644322,7.409689309578074,988,98.8
556,Toronto,10.160293034351014,53.15529085108135,721,72.1
557,Darwin,27.58727512237175,12.221895797087026,949,94.9
558,Reading,11.70709727346758,25.555588402205284,880,88.0
559,Košice,8.58365762018849,58.68560334131943,931,93.1
560,Galaţi,13.560575984227917,47.469591767168325,685,68.5
561,Budapest,13.407293143684273,42.3784103598015,637,63.7
562,Lucknow,25.671047403267224,33.97516168674048,702,70.2
563,Maastricht,12.346675283451562,27.056929630976505,594,59.4
564,Winnipeg,1.8016742376917432,80.19604791565011,914,91.4
565,Zhuzhou,18.968231320650673,54.87135373586989,768,76.8
566,Newcastle,18.523165210531033,22.07323174253444,580,58.0
567,Swansea,11.86117868466659,21.908523400882267,729,72.9
568,Anyang,15.920235316577505,62.38727751514025,777,77.7
569,Christchurch,12.061671317574408,20.569778763984203,722,72.2
570,İzmir,17.929903903027515,44.32371703619271,652,65.2
571,San José,20.365110884665942,4.834021899494626,865,86.5
572,Chelyabinsk,10.685220108445915,32.98959838250161,956,95.6
573,Shillong,26.405462890992894,29.956846417412418,991,99.1
574,Konya,13.174981598397894,48.68318703219289,666,66.6
575,Patna,29.324121420481788,21.92394038565951,999,99.9
576,Edmonton,4.088942131129284,61.09624379992148,715,71.5
577,Jacksonville,22.310273297491037,28.082544802867393,848,84.8
578,Coventry,11.223938533657666,22.784540841064754,663,66.3
579,Petaẖ Tiqwa,20.63908337893635,40.454626112888,901,90.1
580,Yangon,27.002008191738007,5.067631338764471,485,48.5
581,Mexico City,14.906247097789967,54.78627871374054,994,99.4
582,Canberra,13.595266609549146,31.929664173423905,976,97.6
583,Kunming,15.379417106036962,22.60552336675807,698,69.8
584,Chongqing,19.14244537241895,44.358609063659145,747,74.7
585,Paris,14.006326287959352,28.926787339005095,583,58.3
586,Plymouth,11.854327923883679,20.512957187880726,703,70.3
587,Providence,12.148062293811739,49.42934372712321,803,80.3
588,Monterrey,18.944526468155498,71.35552522746073,979,97.9
589,Pohang,12.785019686777197,88.62962056606106,985,98.5
590,Toluca,12.3104133510168,45.700950129773815,988,98.8
591,Chillán,13.143506745386608,23.648550811442888,919,91.9
592,Madison,9.142308120133483,84.3547999201392,893,89.3
593,Toyama,15.838369139975091,57.701003869446595,846,84.6
594,Hamburg,11.494800372581935,28.150122495691193,594,59.4
595,Haarlem,12.11150242475559,23.395348002474993,540,54.0
596,Edinburgh,9.781403166725747,19.498178541888223,713,71.3
597,Houston,20.002763909091772,75.38847499120581,974,97.4
598,San Diego,16.92917154445253,23.79998318376587,834,83.4
599,Zürich,11.727360612829882,35.82701911871963,654,65.4
600,Perth,18.137945936232228,21.820664264051363,709,70.9
601,Khorramshahr,27.42587202355487,52.204636714786844,756,75.6
602,Eskişehir,11.746904134056528,39.37097387225309,986,98.6
603,Bogotá,10.090549912117453,69.32890314826302,999,99.9
604,Puerto Montt,9.577405992073677,18.985376968847483,890,89.0
605,Arad,12.434916226274106,43.898089544645856,626,62.6
606,Albuquerque,15.362828562566465,48.746654333569666,555,55.5
607,Phoenix,22.004825958092088,82.6064006065619,918,91.8
608,Conakry,27.587407532792746,5.2266817129069985,942,94.2
609,Kryvyi Rih,12.750074441687346,49.549396195202675,684,68.4
610,Limoges,12.501397904638315,34.297212367798366,806,80.6
611,Hartford,12.179135613644789,49.19933398220252,751,75.1
612,Shiraz,19.926699816374455,56.15382082384309,796,79.6
613,Boise,11.385967249596282,44.32083835519319,594,59.4
614,Newport,11.259507897630117,21.760433963901008,704,70.4
615,Constanţa,13.259933435503841,48.101225865510536,631,63.1
