,city,date,avgMedian
0,Charlotte,2020-01,25.4
1,Caen,2020-01,31.8
2,Brussels,2019-09,16.0
3,Breda,2019-10,23.806451612903224
4,Taitung City,2020-01,21.4
5,Bangkok,2019-09,157.0
6,Gandhinagar,2020-01,154.2
7,Dongguan,2019-09,144.0
8,Trieste,2019-10,46.2
9,São Paulo,2019-09,57.0
10,Győr,2020-01,75.0
11,The Bronx,2019-10,20.35483870967742
12,Glasgow,2019-10,19.06451612903226
13,Mexico City,2019-09,25.0
14,Tianjin,2019-09,129.0
15,Ningbo,2019-09,97.0
16,Daejeon,2019-10,53.935483870967744
17,Fukuoka,2019-09,53.0
18,Puerto Montt,2020-01,19.4
19,Milwaukee,2019-09,35.0
20,Belgrade,2019-10,99.16129032258064
21,Oaxaca,2019-09,17.0
22,Nanning,2019-10,89.64516129032258
23,Zhengzhou,2019-10,100.03225806451613
24,Jeonju,2019-09,109.0
25,Donostia / San Sebastián,2019-09,34.0
26,Valparaíso,2019-10,38.774193548387096
27,Oklahoma City,2020-01,20.6
28,Oakland,2019-10,35.61290322580645
29,Little Rock,2019-10,29.677419354838708
30,Perpignan,2019-09,34.0
31,Antwerpen,2019-10,34.354838709677416
32,Edinburgh,2019-10,16.06451612903226
33,Jeonju,2020-01,120.4
34,Suwon,2019-09,122.0
35,Kobe,2019-10,32.87096774193548
36,Douliu,2019-09,50.0
37,Kaohsiung,2019-09,87.0
38,Liège,2020-01,43.6
39,Charleroi,2019-09,8.0
40,Namur,2019-09,6.0
41,Kamianske,2019-09,53.0
42,Petaẖ Tiqwa,2020-01,25.5
43,Cape Town,2019-09,13.0
44,Port Elizabeth,2019-10,34.96774193548387
45,Arāk,2019-10,71.03225806451613
46,Tehran,2020-01,86.2
47,Tuzla,2019-10,96.7741935483871
48,Grenoble,2020-01,73.2
49,Preston,2019-09,19.0
50,Gifu-shi,2019-10,32.483870967741936
51,Ho Chi Minh City,2020-01,87.4
52,Seongnam-si,2019-09,76.0
53,Jeju City,2019-09,65.0
54,Hiroshima,2019-10,34.83870967741935
55,Samsun,2019-09,58.0
56,Sivas,2019-09,39.0
57,Ashgabat,2019-10,67.61290322580645
58,Fort Worth,2020-01,24.4
59,Nashik,2019-10,81.13333333333334
60,Nijmegen,2019-10,27.032258064516128
61,Xuchang,2020-01,186.4
62,Kolkata,2020-01,158.4
63,Besançon,2019-10,22.70967741935484
64,Nancy,2019-10,27.225806451612904
65,Chelyabinsk,2020-01,58.0
66,Lhasa,2019-10,32.483870967741936
67,Guangzhou,2019-09,134.0
68,Mokpo,2019-10,56.0
69,Burgos,2020-01,35.0
70,Providence,2019-09,17.0
71,Las Vegas,2020-01,32.0
72,Patna,2019-09,80.0
73,Hong Kong,2020-01,75.8
74,Lima,2019-10,86.90322580645162
75,Liège,2019-09,8.0
76,Birmingham,2019-09,15.0
77,Takamatsu,2020-01,34.2
78,Kagoshima,2020-01,49.8
79,Shiraz,2020-01,63.0
80,Kabul,2020-01,127.0
81,Huế,2020-01,23.8
82,Cardiff,2020-01,31.4
83,Mérida,2020-01,65.8
84,Harbin,2020-01,212.0
85,Anyang,2020-01,226.8
86,Khorramabad,2019-10,99.48387096774194
87,Grenoble,2019-09,22.0
88,Krasnoyarsk,2020-01,17.4
89,Talca,2020-01,40.2
90,Freiburg,2019-10,21.548387096774192
91,Raleigh,2019-10,27.838709677419356
92,Lucknow,2019-09,54.0
93,Guadalajara,2020-01,54.4
94,Wuhan,2019-09,117.0
95,Bergen,2019-09,14.0
96,Akita,2020-01,31.4
97,Saitama,2019-09,57.0
98,Ottawa,2019-09,25.0
99,Yangon,2020-01,100.8
100,Lahore,2020-01,331.6
101,Xi’an,2020-01,191.6
102,Delhi,2019-10,187.61290322580646
103,Bengaluru,2020-01,104.0
104,Bristol,2019-09,30.0
105,Chongqing,2019-09,153.0
106,Sejong,2020-01,129.0
107,Stuttgart,2019-09,13.0
108,Bishkek,2019-09,85.0
109,San Antonio,2019-10,24.129032258064516
110,Norwich,2019-10,23.967741935483872
111,Rome,2020-01,101.4
112,Daejeon,2019-09,87.0
113,Dushanbe,2019-10,110.25806451612904
114,Montpellier,2020-01,56.6
115,Swansea,2019-09,25.0
116,Nanchang,2019-10,113.51612903225806
117,Dammam,2019-10,128.8
118,Taoyuan City,2020-01,45.0
119,Dushanbe,2019-09,167.0
120,Phoenix,2020-01,58.2
121,Zaporizhia,2019-09,65.0
122,Qingdao,2019-10,106.93548387096774
123,Hegang,2019-10,63.064516129032256
124,Daegu,2019-10,51.806451612903224
125,Kobe,2019-09,53.0
126,Yangon,2019-09,53.0
127,Salamanca,2020-01,46.4
128,Macau,2019-10,72.51612903225806
129,Sivas,2020-01,62.6
130,Bamako,2020-01,161.8
131,Jerusalem,2019-09,53.0
132,Dublin,2020-01,30.333333333333332
133,Thrissur,2019-10,35.22222222222222
134,Liège,2019-10,24.225806451612904
135,Kumamoto,2020-01,53.4
136,Kathmandu,2019-09,53.0
137,Concepción,2019-10,47.74193548387097
138,Kecskemét,2020-01,51.8
139,Hāpur,2019-09,42.0
140,Shillong,2019-10,99.29032258064517
141,Adelaide,2019-09,4.0
142,Marseille,2019-09,32.0
143,Amsterdam,2019-09,20.0
144,Swansea,2020-01,32.4
145,Haikou,2019-10,68.61290322580645
146,Dammam,2019-09,159.0
147,Seattle,2019-09,13.0
148,Tucson,2020-01,30.4
149,Busan,2019-10,47.516129032258064
150,Oslo,2019-10,24.161290322580644
151,Ottawa,2019-10,21.677419354838708
152,Nancy,2019-09,21.0
153,Abu Dhabi,2020-01,68.0
154,Antwerpen,2019-09,21.0
155,Moscow,2019-09,46.0
156,Los Ángeles,2020-01,39.2
157,Oklahoma City,2019-09,41.0
158,Staten Island,2019-09,17.0
159,Nîmes,2020-01,63.0
160,Funchal,2019-09,15.0
161,Dnipro,2019-09,55.0
162,Saint-Denis,2020-01,21.4
163,Raleigh,2020-01,25.4
164,Philadelphia,2019-09,21.0
165,Sarajevo,2020-01,200.6
166,The Hague,2019-09,20.0
167,Kampala,2019-09,102.0
168,Stockholm,2019-09,34.0
169,Shijiazhuang,2019-09,122.0
170,Worcester,2019-09,17.0
171,São Paulo,2019-10,55.516129032258064
172,Helsinki,2020-01,19.0
173,Nur-Sultan,2019-09,42.0
174,Perth,2019-09,42.0
175,Hạ Long,2020-01,57.6
176,Ternopil,2019-10,66.7741935483871
177,Colombo,2020-01,70.4
178,Shiyan,2020-01,135.4
179,Chuncheon,2020-01,104.4
180,Durban,2019-09,38.0
181,Īlām,2019-10,76.87096774193549
182,Yunfu,2020-01,124.4
183,Modena,2019-09,34.0
184,Oslo,2020-01,30.0
185,Gdańsk,2020-01,46.0
186,Szczecin,2019-09,20.0
187,Winnipeg,2019-09,7.0
188,Brisbane,2020-01,23.2
189,Pécs,2019-10,56.225806451612904
190,Bangkok,2019-10,76.09677419354838
191,Miami,2020-01,26.4
192,Salem,2020-01,12.8
193,Toulon,2020-01,80.8
194,Leeds,2020-01,43.8
195,Lanzhou,2020-01,155.6
196,Prato,2019-10,48.32258064516129
197,Sejong,2019-09,102.0
198,Ōita,2019-09,50.0
199,Madrid,2020-01,64.8
200,Saint Paul,2019-10,18.903225806451612
201,Kryvyi Rih,2020-01,67.8
202,Tashkent,2019-09,70.0
203,Haikou,2020-01,49.2
204,Jeju City,2020-01,68.8
205,Incheon,2019-10,56.03225806451613
206,Richards Bay,2019-10,17.258064516129032
207,Kanazawa,2019-10,27.7
208,Szczecin,2019-10,48.29032258064516
209,Bydgoszcz,2020-01,52.8
210,San Antonio,2019-09,30.0
211,Clermont-Ferrand,2019-10,31.193548387096776
212,Glasgow,2020-01,26.6
213,Harbin,2019-09,74.0
214,Matsuyama,2020-01,38.4
215,Bilbao,2019-10,34.38709677419355
216,Bilbao,2020-01,49.8
217,Vientiane,2020-01,53.2
218,Addis Ababa,2019-10,46.32258064516129
219,Manama,2019-10,138.61290322580646
220,Manama,2020-01,88.6
221,Freiburg,2020-01,66.8
222,Houston,2020-01,31.4
223,Miami,2019-09,30.0
224,Denver,2019-10,26.70967741935484
225,Dijon,2020-01,41.5
226,Dijon,2019-09,10.0
227,Tel Aviv,2019-10,70.76923076923077
228,Netanya,2019-10,64.84615384615384
229,Taichung,2020-01,86.8
230,Taipei,2019-10,56.03225806451613
231,Īlām,2019-09,102.0
232,Zanjān,2020-01,65.2
233,Chon Buri,2020-01,95.8
234,Shillong,2020-01,97.2
235,Shillong,2019-09,63.0
236,Rennes,2020-01,39.2
237,Rotterdam,2019-09,21.0
238,Pristina,2019-09,42.0
239,Sendai,2019-10,28.93548387096774
240,Wellington,2019-10,21.903225806451612
241,Edinburgh,2020-01,20.4
242,Osaka,2019-10,33.16129032258065
243,Milwaukee,2019-10,26.483870967741936
244,Abu Dhabi,2019-09,157.0
245,Dubai,2019-10,126.07692307692308
246,Leeds,2019-09,33.0
247,Tel Aviv,2020-01,54.2
248,Fuzhou,2019-09,57.0
249,Vienna,2020-01,58.8
250,Hanoi,2019-10,95.3225806451613
251,Kyiv,2020-01,51.2
252,Reading,2019-09,17.0
253,Uppsala,2019-10,20.483870967741936
254,Brno,2020-01,71.8
255,Salamanca,2019-09,17.0
256,Burgos,2019-10,21.870967741935484
257,Oviedo,2020-01,64.8
258,Salem,2019-10,28.70967741935484
259,Nicosia,2019-10,66.54838709677419
260,Ivano-Frankivsk,2019-09,15.0
261,Southend-on-Sea,2020-01,38.0
262,Changsha,2019-10,117.80645161290323
263,Naples,2019-09,43.0
264,Vienna,2019-09,13.0
265,Chicago,2019-09,47.0
266,Thiruvananthapuram,2019-09,54.0
267,Melbourne,2019-10,25.258064516129032
268,Birmingham,2020-01,32.6
269,Qiqihar,2019-10,56.38709677419355
270,Shijiazhuang,2019-10,117.83870967741936
271,Cheongju-si,2019-09,102.0
272,Tokyo,2019-09,53.0
273,Surrey,2019-10,21.677419354838708
274,Baghdad,2019-09,89.0
275,Perth,2020-01,34.0
276,Suncheon,2020-01,80.2
277,Samut Prakan,2019-10,92.29032258064517
278,Las Vegas,2019-09,16.0
279,Tucson,2019-09,13.0
280,Thiruvananthapuram,2019-10,51.96551724137931
281,Kryvyi Rih,2019-10,49.0
282,Niš,2019-09,61.0
283,Bristol,2020-01,39.2
284,Manchester,2019-10,23.35483870967742
285,Turin,2019-10,62.903225806451616
286,Seoul,2019-10,54.83870967741935
287,Johannesburg,2019-09,68.0
288,Klerksdorp,2019-09,55.0
289,Hiroshima,2020-01,35.0
290,Halifax,2020-01,22.2
291,Baltimore,2020-01,26.0
292,Hanoi,2020-01,111.8
293,Cardiff,2019-10,25.161290322580644
294,Shiyan,2019-10,75.96774193548387
295,Nagoya,2019-10,36.61290322580645
296,Kagoshima,2019-09,55.0
297,Mashhad,2020-01,90.4
298,Darmstadt,2019-10,26.612903225806452
299,The Bronx,2020-01,46.0
300,Tashkent,2019-10,111.2258064516129
301,Changchun,2020-01,171.8
302,Fuzhou,2019-10,78.45161290322581
303,Rome,2019-10,48.096774193548384
304,Algiers,2019-10,66.70370370370371
305,Valladolid,2019-09,42.0
306,Biratnagar,2020-01,82.5
307,Kütahya,2019-10,72.58064516129032
308,Little Rock,2020-01,31.4
309,Kunming,2020-01,57.4
310,Taoyuan City,2019-10,60.38709677419355
311,Sydney,2019-10,34.645161290322584
312,Eindhoven,2019-10,30.451612903225808
313,Tel Aviv,2019-09,59.0
314,Morelia,2019-10,43.29032258064516
315,Toluca,2019-09,55.0
316,Kumamoto,2019-09,57.0
317,Copenhagen,2020-01,40.0
318,New Delhi,2019-09,78.0
319,Darwin,2020-01,13.6
320,Birmingham,2019-10,25.967741935483872
321,Reykjavík,2019-09,22.0
322,Kanazawa,2020-01,18.6
323,Adapazarı,2020-01,102.4
324,Houston,2019-10,28.967741935483872
325,Springfield,2020-01,27.6
326,Kyiv,2019-09,26.0
327,Liverpool,2019-09,13.0
328,Plymouth,2019-09,25.0
329,Hefei,2019-10,113.25806451612904
330,Nanjing,2020-01,134.4
331,Milan,2019-10,62.483870967741936
332,Jeju City,2019-10,56.2
333,Buenos Aires,2019-09,46.0
334,Charlotte,2019-09,61.0
335,Metz,2019-10,24.612903225806452
336,Malmö,2019-09,30.0
337,Xiamen,2019-10,81.19354838709677
338,Livorno,2020-01,112.0
339,Ōita,2019-10,38.25806451612903
340,Tarnów,2020-01,74.4
341,Tours,2019-09,23.0
342,Johannesburg,2020-01,55.0
343,Kraków,2020-01,83.2
344,San Diego,2020-01,56.6
345,Tallahassee,2019-09,38.0
346,Wollongong,2019-10,31.838709677419356
347,Kyiv,2019-10,57.935483870967744
348,Breda,2020-01,48.2
349,Reading,2020-01,30.0
350,Preston,2019-10,24.322580645161292
351,Suzhou,2020-01,117.6
352,Parma,2020-01,106.2
353,Skopje,2020-01,116.4
354,Rayong,2019-09,95.0
355,Baltimore,2019-09,24.0
356,San Antonio,2020-01,33.4
357,Thessaloníki,2020-01,58.2
358,Eindhoven,2019-09,21.0
359,Petaẖ Tiqwa,2019-09,71.0
360,Morelia,2020-01,56.2
361,Port Elizabeth,2020-01,24.6
362,Płock,2020-01,57.2
363,Hamilton,2019-09,21.0
364,Kaohsiung,2019-10,82.93548387096774
365,Springfield,2019-10,26.20689655172414
366,Little Rock,2019-09,41.0
367,Denver,2019-09,25.0
368,Lyon,2019-10,33.25806451612903
369,Ivano-Frankivsk,2020-01,50.8
370,Pachuca de Soto,2019-10,31.863636363636363
371,Yinchuan,2020-01,183.8
372,Bergen,2020-01,28.6
373,Okayama,2020-01,43.8
374,Īlām,2020-01,87.0
375,Tehran,2019-09,104.0
376,Milwaukee,2020-01,27.0
377,Odessa,2019-10,64.0
378,Southend-on-Sea,2019-09,15.0
379,Prague,2019-10,46.96774193548387
380,Trondheim,2020-01,15.2
381,Durban,2020-01,45.6
382,Sapporo,2020-01,20.2
383,Karaj,2019-09,90.0
384,Trabzon,2019-09,78.0
385,Wiesbaden,2020-01,61.0
386,Sarajevo,2019-09,50.0
387,Hobart,2020-01,16.4
388,Bratislava,2020-01,61.8
389,Yunfu,2019-09,112.0
390,Łódź,2019-09,25.0
391,Surrey,2020-01,10.2
392,Patna,2020-01,207.8
393,Orléans,2019-10,23.857142857142858
394,Ürümqi,2019-09,55.0
395,Guangzhou,2020-01,125.0
396,Kochi,2019-09,38.0
397,Medellín,2019-10,64.29032258064517
398,Honolulu,2019-10,14.806451612903226
399,Clermont-Ferrand,2019-09,10.0
400,Hạ Long,2019-09,33.0
401,Košice,2019-09,34.0
402,Kaunas,2019-09,30.0
403,Norwich,2020-01,44.6
404,Göteborg,2020-01,25.6
405,Austin,2020-01,23.2
406,Ghāziābād,2019-10,198.80645161290323
407,Guiyang,2020-01,79.6
408,Shizuoka,2019-09,46.0
409,Mashhad,2019-09,131.0
410,Konya,2019-09,74.0
411,Medellín,2020-01,59.2
412,Melbourne,2019-09,20.0
413,Stockholm,2019-10,19.161290322580644
414,Busan,2019-09,104.0
415,Incheon,2019-09,109.0
416,Valencia,2019-10,43.87096774193548
417,Temuco,2020-01,22.4
418,Boise,2020-01,21.4
419,Los Angeles,2019-09,45.0
420,Metz,2020-01,52.6
421,Florence,2019-10,45.903225806451616
422,Las Palmas de Gran Canaria,2019-09,42.0
423,Karaj,2019-10,82.19354838709677
424,Canberra,2020-01,442.0
425,Nîmes,2019-09,34.0
426,Sheffield,2019-09,21.0
427,Shenzhen,2019-09,151.0
428,Changwon,2019-09,78.0
429,Wakayama,2020-01,40.0
430,Kerman,2019-10,68.58064516129032
431,Niš,2020-01,144.2
432,Netanya,2019-09,61.0
433,Pachuca de Soto,2019-09,19.0
434,Lhasa,2019-09,25.0
435,Xiamen,2019-09,34.0
436,Ōita,2020-01,37.2
437,Ulan Bator,2020-01,198.0
438,San Luis Potosí,2019-10,39.83870967741935
439,Wuhan,2019-10,90.93548387096774
440,Castelló de la Plana,2020-01,38.8
441,Helsinki,2019-10,17.64516129032258
442,Tampere,2020-01,11.4
443,Lampang,2019-10,65.54838709677419
444,Rouen,2020-01,54.8
445,Caen,2019-09,21.0
446,Guiyang,2019-10,60.29032258064516
447,Shenzhen,2020-01,113.4
448,Hefei,2019-09,122.0
449,Buenos Aires,2019-10,32.645161290322584
450,Kütahya,2019-09,43.0
451,Budapest,2019-10,60.225806451612904
452,Leicester,2019-10,34.61290322580645
453,Xinxiang,2019-10,122.19354838709677
454,Taiyuan,2020-01,174.2
455,Daejeon,2020-01,101.0
456,Mokpo,2019-09,93.0
457,Tampere,2019-10,13.96774193548387
458,Erzurum,2019-09,74.0
459,Las Vegas,2019-10,24.24137931034483
460,Chandigarh,2020-01,160.2
461,Kolkata,2019-09,63.0
462,Strasbourg,2019-09,30.0
463,Saint-Denis,2019-09,26.0
464,Tokyo,2019-10,34.0
465,Calgary,2019-09,15.0
466,Copenhagen,2019-09,29.0
467,Raleigh,2019-09,50.0
468,Detroit,2019-10,28.866666666666667
469,Salem,2019-09,11.0
470,Gandhinagar,2019-09,47.0
471,Nantes,2019-09,24.0
472,Lviv,2020-01,51.8
473,Novi Sad,2020-01,126.4
474,Fushun,2019-10,109.54838709677419
475,Osorno,2019-09,58.0
476,Chicago,2020-01,32.6
477,Oakland,2019-09,21.0
478,Haiphong,2019-10,14.666666666666666
479,Bloemfontein,2019-09,25.0
480,Toyama,2019-09,38.0
481,Sanandaj,2020-01,34.2
482,Xi’an,2019-10,102.12903225806451
483,Parma,2019-10,71.64516129032258
484,Prague,2020-01,60.6
485,Kobe,2020-01,42.4
486,Tallahassee,2019-10,30.387096774193548
487,Rouen,2019-09,34.0
488,Wellington,2020-01,46.0
489,Liverpool,2020-01,30.2
490,Nice,2020-01,56.4
491,Haarlem,2020-01,63.2
492,Manchester,2020-01,31.2
493,Changzhou,2019-09,109.0
494,Taiyuan,2019-09,93.0
495,Yeosu,2020-01,69.4
496,Pretoria,2019-09,66.0
497,Manhattan,2020-01,43.8
498,Tucson,2019-10,19.677419354838708
499,New Delhi,2020-01,287.2
500,Tashkent,2020-01,109.0
501,Plymouth,2020-01,34.8
502,Bologna,2019-09,21.0
503,Suwon,2019-10,58.193548387096776
504,Bydgoszcz,2019-10,67.62962962962963
505,Szeged,2020-01,81.2
506,Newcastle,2020-01,69.0
507,Dijon,2019-10,21.419354838709676
508,Pretoria,2020-01,44.2
509,Łódź,2020-01,101.2
510,Los Angeles,2020-01,62.8
511,Shantou,2020-01,72.2
512,Xi’an,2019-09,127.0
513,Miyazaki,2020-01,46.0
514,Hamilton,2020-01,22.0
515,Algiers,2019-09,115.0
516,Castelló de la Plana,2019-10,30.70967741935484
517,Tainan,2019-09,87.0
518,El Paso,2019-09,25.0
519,Seattle,2019-10,28.29032258064516
520,Toulon,2019-09,41.0
521,Dnipro,2020-01,52.0
522,Göteborg,2019-10,19.310344827586206
523,Pilsen,2019-10,48.38709677419355
524,Vereeniging,2019-09,59.0
525,Yokohama,2019-10,32.29032258064516
526,Tarnów,2019-10,69.87096774193549
527,Płock,2019-10,67.61290322580645
528,Edmonton,2020-01,14.8
529,Burgos,2019-09,16.0
530,Keelung,2020-01,29.6
531,Ankara,2020-01,59.0
532,Freiburg,2019-09,13.0
533,Madison,2019-09,39.0
534,Nashville,2019-10,27.225806451612904
535,Wuxi,2019-10,104.51612903225806
536,Guangzhou,2019-10,105.3225806451613
537,Gwangju,2019-09,95.0
538,Tallinn,2019-09,11.0
539,Chiba,2020-01,28.8
540,Toyama,2020-01,19.4
541,Nara-shi,2019-10,33.516129032258064
542,Québec,2020-01,35.6
543,Victoria,2019-09,13.0
544,Santa Cruz de Tenerife,2019-09,55.0
545,Manhattan,2019-10,22.451612903225808
546,Zenica,2020-01,201.6
547,Dhaka,2019-10,129.5
548,Hāpur,2020-01,183.6
549,Funchal,2019-10,15.733333333333333
550,Foshan,2019-09,142.0
551,Chiba,2019-09,42.0
552,Talca,2019-09,17.0
553,Baltimore,2019-10,27.0
554,Wollongong,2019-09,28.0
555,Kampala,2020-01,136.4
556,Fukuoka,2019-10,41.064516129032256
557,Matsuyama,2019-09,63.0
558,Hsinchu,2020-01,56.6
559,Los Ángeles,2019-09,34.0
560,Chillán,2020-01,46.4
561,Providence,2020-01,27.0
562,Bhopal,2019-09,51.0
563,Athens,2020-01,47.4
564,Monterrey,2019-09,9.0
565,Pohang,2019-09,80.0
566,Stavanger,2020-01,38.8
567,Middelburg,2020-01,17.0
568,Bloemfontein,2020-01,36.4
569,Warsaw,2019-09,24.0
570,Montréal,2020-01,27.2
571,Kathmandu,2019-10,79.3225806451613
572,Saint Paul,2020-01,32.2
573,Brussels,2020-01,51.2
574,Glasgow,2019-09,13.0
575,Cuernavaca,2019-10,27.166666666666668
576,Changwon,2019-10,44.12903225806452
577,Erzurum,2020-01,154.4
578,Puerto Montt,2019-10,62.29032258064516
579,Charlotte,2019-10,31.0
580,Clermont-Ferrand,2020-01,56.6
581,Funchal,2020-01,25.8
582,Kryvyi Rih,2019-09,26.0
583,Rotterdam,2019-10,33.83870967741935
584,Hohhot,2019-10,105.45161290322581
585,Chuncheon,2019-09,61.0
586,Worcester,2020-01,21.8
587,Tampere,2019-09,18.0
588,Macau,2019-09,144.0
589,Konya,2020-01,77.0
590,Chiang Mai,2020-01,93.2
591,Olomouc,2020-01,70.4
592,São José dos Campos,2019-09,38.0
593,Zanjān,2019-10,53.0
594,Paris,2019-09,28.0
595,Ternopil,2019-09,10.0
596,Zaporizhia,2019-10,82.29032258064517
597,Rotterdam,2020-01,57.8
598,Madrid,2019-10,39.70967741935484
599,Helsinki,2019-09,16.0
600,Boston,2020-01,26.2
601,El Paso,2019-10,22.580645161290324
602,Beijing,2019-10,98.58064516129032
603,Kumamoto,2019-10,47.225806451612904
604,Calama,2020-01,38.2
605,Tuzla,2019-09,63.0
606,Moscow,2020-01,28.4
607,Coventry,2019-10,24.225806451612904
608,Tepic,2019-10,23.161290322580644
609,Qingdao,2019-09,82.0
610,Nanjing,2019-09,112.0
611,Mokpo,2020-01,95.8
612,Kitchener,2020-01,22.8
613,Madrid,2019-09,40.0
614,Manama,2019-09,163.0
615,Boston,2019-10,25.64516129032258
616,El Paso,2020-01,23.2
617,Rennes,2019-10,26.322580645161292
618,Perpignan,2019-10,43.54838709677419
619,Ecatepec de Morelos,2019-10,47.0
620,Tepic,2020-01,25.4
621,Jakarta,2020-01,83.4
622,Tokyo,2020-01,22.8
623,Shiraz,2019-10,75.6
624,Puerto Montt,2019-09,91.0
625,San Jose,2019-09,21.0
626,Hyderabad,2019-10,99.16129032258064
627,Saint-Étienne,2019-10,26.0
628,Novosibirsk,2020-01,52.6
629,Ankara,2019-09,47.0
630,Kolkata,2019-10,142.41935483870967
631,Marseille,2020-01,63.8
632,Paris,2019-10,37.38709677419355
633,Amiens,2019-09,21.0
634,Bordeaux,2019-10,29.161290322580644
635,Antwerpen,2020-01,57.0
636,Lviv,2019-10,64.0
637,Manchester,2019-09,20.0
638,Mexico City,2019-10,50.41935483870968
639,Chengdu,2019-10,85.0
640,Jinan,2019-10,112.64516129032258
641,Karachi,2019-10,111.09677419354838
642,Berlin,2020-01,45.8
643,Honolulu,2019-09,13.0
644,Adelaide,2019-10,6.0
645,Marseille,2019-10,33.16129032258065
646,Amiens,2019-10,30.806451612903224
647,Nicosia,2020-01,48.4
648,Ho Chi Minh City,2019-10,87.51612903225806
649,Ashdod,2020-01,39.4
650,Nanchang,2019-09,104.0
651,Nagano,2019-10,26.870967741935484
652,Concepción,2019-09,30.0
653,Bangkok,2020-01,94.0
654,Columbus,2019-09,53.0
655,Queens,2020-01,41.6
656,Shenyang,2020-01,196.2
657,Shanghai,2020-01,99.2
658,Quito,2019-10,59.793103448275865
659,Ostrava,2019-09,21.0
660,Naha,2019-10,39.58064516129032
661,Chillán,2019-10,47.58064516129032
662,Moscow,2019-10,36.08
663,Kunming,2019-09,85.0
664,Xinxiang,2019-09,112.0
665,Milan,2019-09,42.0
666,Changwon,2020-01,81.8
667,Nagasaki,2019-10,39.935483870967744
668,Osaka,2019-09,46.0
669,Takamatsu,2019-09,70.0
670,Mississauga,2019-09,21.0
671,Ḩawallī,2020-01,105.8
672,Nur-Sultan,2020-01,31.2
673,İzmit,2019-10,72.25806451612904
674,Perth,2019-10,28.096774193548388
675,Lima,2019-09,102.0
676,Kunming,2019-10,59.38709677419355
677,Xuchang,2019-09,114.0
678,Turin,2019-09,50.0
679,Ulan Bator,2019-10,114.19354838709677
680,Turku,2019-09,9.0
681,Kecskemét,2019-09,28.0
682,Oakland,2020-01,37.6
683,Brooklyn,2020-01,44.4
684,Phoenix,2019-09,19.0
685,Lyon,2019-09,15.0
686,Jerusalem,2019-10,59.84615384615385
687,Vancouver,2019-10,20.70967741935484
688,Mumbai,2019-10,94.3225806451613
689,Melbourne,2020-01,47.6
690,Sofia,2019-09,73.0
691,Ashkelon,2019-09,56.0
692,San Luis Potosí,2020-01,254.0
693,Monterrey,2020-01,45.6
694,Changchun,2019-10,81.74193548387096
695,Chiba,2019-10,33.29032258064516
696,Las Palmas de Gran Canaria,2019-10,33.166666666666664
697,Karachi,2019-09,78.0
698,Sanandaj,2019-09,36.0
699,Staten Island,2019-10,21.35483870967742
700,Lima,2020-01,57.4
701,Amsterdam,2020-01,59.0
702,Dordrecht,2019-10,22.133333333333333
703,East London,2019-10,34.516129032258064
704,Saitama,2020-01,21.2
705,Taipei,2020-01,35.6
706,Oklahoma City,2019-10,30.612903225806452
707,Jacksonville,2019-09,35.0
708,Delhi,2019-09,76.0
709,Nashik,2020-01,146.6
710,Nashik,2019-09,44.0
711,Dordrecht,2019-09,9.0
712,Novi Sad,2019-09,37.0
713,Wakayama,2019-09,53.0
714,Zürich,2019-09,1.0
715,Taichung,2019-09,25.0
716,Jackson,2019-09,42.0
717,Tours,2019-10,29.838709677419356
718,Ivano-Frankivsk,2019-10,67.38709677419355
719,Košice,2019-10,63.354838709677416
720,Stockholm,2020-01,17.4
721,Jieyang,2019-09,95.0
722,Nanjing,2019-10,102.09677419354838
723,Daegu,2019-09,80.0
724,Niigata,2020-01,17.0
725,Pokhara,2019-10,67.76470588235294
726,Naha,2019-09,21.0
727,Toyama,2019-10,30.580645161290324
728,Turku,2019-10,10.903225806451612
729,Tours,2020-01,45.6
730,Nijmegen,2020-01,54.4
731,The Hague,2019-10,29.806451612903224
732,Hangzhou,2020-01,122.0
733,Yunfu,2019-10,99.45161290322581
734,Qinhuangdao,2019-09,154.0
735,Chuncheon,2019-10,47.0
736,Ottawa,2020-01,21.0
737,São José dos Campos,2020-01,22.8
738,Trabzon,2019-10,72.03225806451613
739,Calama,2019-09,27.0
740,Pécs,2019-09,28.0
741,Sacramento,2019-09,17.0
742,Caen,2019-10,25.06451612903226
743,Leicester,2019-09,26.0
744,San Juan,2020-01,24.8
745,Fuzhou,2020-01,79.6
746,Valencia,2020-01,76.8
747,Oulu,2019-09,26.0
748,Szeged,2019-09,44.0
749,Chicago,2019-10,28.322580645161292
750,Nagpur,2020-01,101.2
751,Tomsk,2020-01,50.8
752,Bratislava,2019-10,56.25806451612903
753,Guatemala City,2020-01,49.8
754,Shiyan,2019-09,107.0
755,Sapporo,2019-09,50.0
756,Ashgabat,2020-01,76.0
757,Washington D.C.,2019-10,21.741935483870968
758,Philadelphia,2019-10,24.032258064516128
759,Nicosia,2019-09,58.0
760,Colombo,2019-10,51.67741935483871
761,Yinchuan,2019-09,85.0
762,Toronto,2020-01,23.6
763,Ḩawallī,2019-09,156.0
764,San Salvador,2019-10,58.064516129032256
765,Tepic,2019-09,9.0
766,Lahore,2019-10,214.86206896551724
767,Santiago,2019-10,58.29032258064516
768,Fresno,2019-10,46.03225806451613
769,Philadelphia,2020-01,36.6
770,Chandigarh,2019-09,58.0
771,Newcastle,2019-10,43.03225806451613
772,Wellington,2019-09,23.0
773,Qinhuangdao,2020-01,142.4
774,Pilsen,2020-01,79.8
775,Kielce,2019-10,56.25
776,Jackson,2020-01,26.8
777,Belgrade,2020-01,132.4
778,Sheffield,2019-10,25.483870967741936
779,Andong,2019-09,74.0
780,Takamatsu,2019-10,33.58064516129032
781,Santiago,2019-09,52.0
782,Chon Buri,2019-10,65.93548387096774
783,Hartford,2020-01,32.4
784,Jaipur,2020-01,132.8
785,Muzaffarnagar,2020-01,237.25
786,Abu Dhabi,2019-10,118.53846153846153
787,Skopje,2019-09,73.0
788,Vereeniging,2020-01,54.8
789,Peshawar,2019-10,145.6451612903226
790,Tainan,2020-01,80.6
791,Staten Island,2020-01,37.4
792,Christchurch,2020-01,34.4
793,Poznań,2020-01,31.0
794,Karlsruhe,2020-01,76.8
795,Albuquerque,2020-01,18.6
796,Madison,2019-10,24.129032258064516
797,Strasbourg,2019-10,46.806451612903224
798,Lviv,2019-09,15.0
799,Kampala,2019-10,119.80645161290323
800,Malmö,2020-01,35.4
801,East London,2020-01,21.0
802,Cape Town,2020-01,15.4
803,Nagoya,2020-01,26.0
804,Utsunomiya,2019-10,33.83870967741935
805,Baghdad,2019-10,106.64516129032258
806,Valparaíso,2020-01,52.0
807,Portland,2019-09,9.0
808,Ternopil,2020-01,30.6
809,Kaunas,2019-10,50.32258064516129
810,Tianjin,2019-10,113.09677419354838
811,Wuxi,2019-09,99.0
812,Ostrava,2019-10,69.41935483870968
813,Konya,2019-10,86.70967741935483
814,Ashgabat,2019-09,50.0
815,Denver,2020-01,14.6
816,Hāpur,2019-10,172.03225806451613
817,Toulouse,2019-09,25.0
818,Strasbourg,2020-01,77.2
819,Montréal,2019-09,24.0
820,Donostia / San Sebastián,2020-01,47.4
821,Rayong,2020-01,93.6
822,Lyon,2020-01,72.4
823,Xuchang,2019-10,108.41935483870968
824,Shantou,2019-09,85.0
825,Zhengzhou,2020-01,202.0
826,Boise,2019-09,17.0
827,Nantes,2019-10,33.096774193548384
828,Groningen,2019-09,8.0
829,Košice,2020-01,91.0
830,Bristol,2019-10,37.096774193548384
831,Zhuzhou,2019-10,116.54838709677419
832,Okayama,2019-09,57.0
833,Nagoya,2019-09,50.0
834,Nagano,2020-01,13.8
835,Kitchener,2019-09,17.0
836,Launceston,2020-01,23.2
837,Quito,2020-01,38.4
838,Jeonju,2019-10,66.58064516129032
839,Matsuyama,2019-10,39.70967741935484
840,Castelló de la Plana,2019-09,55.0
841,Buenos Aires,2020-01,20.2
842,Kassel,2019-10,26.115384615384617
843,Odessa,2019-09,49.0
844,Groningen,2020-01,48.0
845,Liverpool,2019-10,22.967741935483872
846,Morelia,2019-09,35.0
847,Foshan,2020-01,116.0
848,Lanzhou,2019-10,94.70967741935483
849,Durban,2019-10,52.935483870967744
850,Hiroshima,2019-09,63.0
851,Nara-shi,2020-01,37.6
852,Victoria,2020-01,14.6
853,Khorramshahr,2020-01,106.0
854,Rancagua,2019-10,45.483870967741936
855,Medellín,2019-09,57.0
856,Miami,2019-10,14.580645161290322
857,Kamianske,2020-01,52.4
858,Novi Sad,2019-10,79.33333333333333
859,Jerusalem,2020-01,48.25
860,Naples,2019-10,60.064516129032256
861,Busan,2020-01,87.2
862,Quilpué,2020-01,56.0
863,Wiesbaden,2019-09,8.0
864,Visakhapatnam,2020-01,110.4
865,Ho Chi Minh City,2019-09,87.0
866,Bergen,2019-10,13.935483870967742
867,Rancagua,2019-09,31.0
868,Talca,2019-10,35.38709677419355
869,Darmstadt,2019-09,8.0
870,Indianapolis,2019-09,53.0
871,San Jose,2019-10,33.41935483870968
872,Reykjavík,2019-10,10.870967741935484
873,Hamilton,2019-10,23.870967741935484
874,San Salvador,2019-09,54.0
875,Kütahya,2020-01,88.4
876,Memphis,2019-09,43.0
877,Phoenix,2019-10,26.548387096774192
878,Dallas,2019-10,26.161290322580644
879,Dhaka,2019-09,107.0
880,Adelaide,2020-01,38.0
881,Malmö,2019-10,30.322580645161292
882,Fushun,2020-01,193.2
883,Trieste,2019-09,38.0
884,Oslo,2019-09,15.0
885,Yokohama,2019-09,50.0
886,Columbus,2019-10,32.096774193548384
887,Guadalajara,2019-09,22.0
888,Beijing,2020-01,134.8
889,Jinan,2019-09,109.0
890,Potsdam,2020-01,43.6
891,Sydney,2019-09,30.0
892,Dubai,2020-01,83.8
893,Sheffield,2020-01,33.6
894,Dongguan,2019-10,111.90322580645162
895,Gwangju,2020-01,103.0
896,Vantaa,2019-10,23.903225806451612
897,Zürich,2019-10,2.3225806451612905
898,Baghdad,2020-01,146.0
899,Tehran,2019-10,80.41935483870968
900,Istanbul,2020-01,69.0
901,Quilpué,2019-10,48.54838709677419
902,Rijeka,2019-09,29.0
903,Vientiane,2019-10,61.064516129032256
904,Seattle,2020-01,14.6
905,Bengaluru,2019-09,68.0
906,Toulouse,2019-10,37.83870967741935
907,Gent,2019-10,36.41935483870968
908,London,2020-01,33.4
909,Lhasa,2020-01,50.8
910,Milan,2020-01,138.4
911,Macau,2020-01,79.5
912,Atlanta,2019-09,52.0
913,Gandhinagar,2019-10,114.2258064516129
914,Dubai,2019-09,159.0
915,Ashkelon,2019-10,59.80769230769231
916,Ashkelon,2020-01,35.2
917,Chengdu,2019-09,160.0
918,Zhengzhou,2019-09,104.0
919,Singapore,2020-01,38.0
920,Istanbul,2019-09,92.0
921,Budapest,2020-01,71.6
922,Kassel,2020-01,33.25
923,Ulsan,2019-10,40.83870967741935
924,Pohang,2019-10,41.61290322580645
925,Cheongju-si,2020-01,125.4
926,Karachi,2020-01,167.8
927,Brussels,2019-10,31.419354838709676
928,Maastricht,2019-10,27.64516129032258
929,Shenyang,2019-10,100.29032258064517
930,Shenyang,2019-09,139.0
931,Xinxiang,2020-01,189.6
932,Changsha,2019-09,129.0
933,Isfahan,2019-09,105.0
934,Tabriz,2019-10,60.903225806451616
935,Dallas,2020-01,27.2
936,Nanning,2020-01,90.6
937,Chengdu,2020-01,166.8
938,Xining,2020-01,145.4
939,Edmonton,2019-09,10.0
940,Orūmīyeh,2020-01,69.2
941,Tabriz,2020-01,73.2
942,Chiang Mai,2019-10,59.70967741935484
943,Omaha,2020-01,20.4
944,Muzaffarnagar,2019-09,57.0
945,Christchurch,2019-09,14.0
946,Xining,2019-09,97.0
947,Brescia,2019-09,50.0
948,Vantaa,2020-01,21.4
949,Peshawar,2019-09,112.0
950,Hsinchu,2019-10,62.516129032258064
951,Sivas,2019-10,62.41935483870968
952,Miskolc,2020-01,115.4
953,Hartford,2019-10,22.806451612903224
954,Thiruvananthapuram,2020-01,90.6
955,Wuhan,2020-01,155.2
956,Bologna,2019-10,52.54838709677419
957,Florence,2019-09,30.0
958,Calgary,2019-10,16.096774193548388
959,Toronto,2019-09,17.0
960,Vienna,2019-10,49.903225806451616
961,Douliu,2020-01,82.6
962,Haarlem,2019-09,19.0
963,Norwich,2019-09,17.0
964,San Luis Potosí,2019-09,24.0
965,San Juan,2019-10,45.75
966,Prague,2019-09,17.0
967,Wrocław,2020-01,68.6
968,San Salvador,2020-01,69.4
969,Queens,2019-10,17.35483870967742
970,Jaipur,2019-09,83.0
971,Haikou,2019-09,142.0
972,Shenzhen,2019-10,98.41935483870968
973,Parma,2019-09,34.0
974,São Paulo,2020-01,33.8
975,Austin,2019-10,22.096774193548388
976,Zenica,2019-10,123.0
977,Saint-Étienne,2020-01,58.0
978,Auckland,2020-01,34.0
979,Leeds,2019-10,36.806451612903224
980,Cuernavaca,2020-01,32.6
981,Qiqihar,2020-01,124.4
982,Livorno,2019-09,34.0
983,Brno,2019-10,60.38709677419355
984,Jakarta,2019-09,147.0
985,Kochi,2019-10,38.096774193548384
986,Salamanca,2019-10,17.06451612903226
987,Biratnagar,2019-10,100.1875
988,Indianapolis,2019-10,27.225806451612904
989,Besançon,2019-09,12.0
990,Coventry,2020-01,33.2
991,London,2019-10,27.580645161290324
992,Nagasaki,2020-01,45.0
993,Osaka,2020-01,41.2
994,Wrocław,2019-09,24.0
995,Calama,2019-10,24.733333333333334
996,Columbus,2020-01,22.4
997,Nanchang,2020-01,143.8
998,Berlin,2019-10,40.58064516129032
999,Fresno,2020-01,71.2
1000,Rome,2019-09,38.0
1001,Middelburg,2019-09,65.0
1002,Islamabad,2019-10,113.16129032258064
1003,Valparaíso,2019-09,30.0
1004,Lampang,2020-01,93.8
1005,Memphis,2019-10,28.419354838709676
1006,Sacramento,2019-10,31.225806451612904
1007,Hobart,2019-09,9.0
1008,Dordrecht,2020-01,51.0
1009,Leicester,2020-01,29.6
1010,Qingdao,2020-01,181.0
1011,Suzhou,2019-09,85.0
1012,Cheongju-si,2019-10,65.83870967741936
1013,Linz,2019-10,49.16129032258065
1014,Pécs,2020-01,88.6
1015,Samut Prakan,2019-09,134.0
1016,Salt Lake City,2020-01,23.6
1017,Nantes,2020-01,41.8
1018,Ulsan,2020-01,80.0
1019,Olomouc,2019-09,17.0
1020,Kassel,2019-09,11.0
1021,Lille,2019-09,15.0
1022,Odessa,2020-01,50.0
1023,Utsunomiya,2020-01,21.0
1024,Katowice,2019-09,22.0
1025,Singapore,2019-10,60.29032258064516
1026,Chon Buri,2019-09,102.0
1027,Jackson,2019-10,31.64516129032258
1028,Atlanta,2020-01,31.0
1029,Toluca,2019-10,68.48387096774194
1030,Ulsan,2019-09,93.0
1031,Płock,2019-09,24.0
1032,Potsdam,2019-09,15.0
1033,Dallas,2019-09,31.0
1034,Bengaluru,2019-10,69.87096774193549
1035,Montpellier,2019-09,32.0
1036,Toulon,2019-10,40.54838709677419
1037,Zaporizhia,2020-01,60.6
1038,Qiqihar,2019-09,42.0
1039,Shanghai,2019-09,85.0
1040,Quito,2019-09,64.0
1041,Oviedo,2019-09,42.0
1042,Fort Worth,2019-09,33.0
1043,Bhopal,2019-10,84.93548387096774
1044,Launceston,2019-10,12.483870967741936
1045,Montpellier,2019-10,35.0
1046,Oaxaca,2019-10,26.483870967741936
1047,Bologna,2020-01,78.0
1048,Niigata,2019-10,28.258064516129032
1049,Dushanbe,2020-01,91.8
1050,Temuco,2019-09,42.0
1051,Darmstadt,2020-01,61.0
1052,Bishkek,2020-01,80.8
1053,Nashville,2019-09,53.0
1054,Nashville,2020-01,22.4
1055,Visakhapatnam,2019-10,80.9
1056,Paris,2020-01,49.4
1057,Hohhot,2019-09,102.0
1058,Changzhou,2020-01,139.4
1059,Yeosu,2019-09,57.0
1060,Oulu,2019-10,14.774193548387096
1061,Omaha,2019-10,28.322580645161292
1062,Haiphong,2019-09,35.0
1063,Hangzhou,2019-10,104.61290322580645
1064,Foshan,2019-10,100.74193548387096
1065,Hegang,2020-01,101.6
1066,Stavanger,2019-09,11.0
1067,Kanazawa,2019-09,34.0
1068,Gasteiz / Vitoria,2020-01,42.2
1069,Turku,2020-01,16.2
1070,Islamabad,2019-09,80.0
1071,Potsdam,2019-10,36.67741935483871
1072,Pachuca de Soto,2020-01,48.6
1073,Olomouc,2019-10,60.12903225806452
1074,Warsaw,2020-01,60.0
1075,Ulan Bator,2019-09,97.0
1076,Detroit,2020-01,31.0
1077,Chennai,2019-09,58.0
1078,Wollongong,2020-01,97.6
1079,Belgrade,2019-09,42.0
1080,Jieyang,2020-01,97.8
1081,Seoul,2020-01,106.4
1082,Nagasaki,2019-09,42.0
1083,Vitória,2020-01,14.319999999999999
1084,Lahore,2019-09,153.0
1085,Zanjān,2019-09,63.0
1086,Shijiazhuang,2020-01,195.0
1087,Sendai,2019-09,46.0
1088,Oviedo,2019-10,43.0
1089,Namur,2019-10,25.79310344827586
1090,Belfast,2019-09,23.0
1091,Wuxi,2020-01,119.8
1092,Tabriz,2019-09,54.0
1093,Rancagua,2020-01,51.2
1094,Lucknow,2019-10,166.90322580645162
1095,Charleroi,2019-10,24.870967741935484
1096,Pristina,2019-10,78.2258064516129
1097,Cardiff,2019-09,21.0
1098,Modena,2019-10,67.6774193548387
1099,Turin,2020-01,133.6
1100,Brescia,2020-01,91.0
1101,Tallinn,2020-01,17.8
1102,Algiers,2020-01,91.6
1103,Zürich,2020-01,2.5
1104,Nakhon Pathom,2020-01,113.8
1105,Dnipro,2019-10,70.3225806451613
1106,Edinburgh,2019-09,9.0
1107,Newport,2019-09,17.0
1108,Pohang,2020-01,88.8
1109,Vancouver,2020-01,11.4
1110,Douliu,2019-10,80.0
1111,Kecskemét,2019-10,52.53333333333333
1112,Washington D.C.,2019-09,17.0
1113,Bhopal,2020-01,147.8
1114,Nizhniy Novgorod,2020-01,40.4
1115,Kamianske,2019-10,50.5
1116,Cape Town,2019-10,20.741935483870968
1117,Tallinn,2019-10,12.903225806451612
1118,Mississauga,2019-10,20.677419354838708
1119,Bursa,2020-01,100.2
1120,Tallahassee,2020-01,30.4
1121,Gent,2020-01,53.2
1122,Niš,2019-10,90.35714285714286
1123,Guiyang,2019-09,107.0
1124,Yinchuan,2019-10,84.12903225806451
1125,Suncheon,2019-09,61.0
1126,Trondheim,2019-10,19.225806451612904
1127,Kochi,2020-01,30.2
1128,Las Palmas de Gran Canaria,2020-01,35.0
1129,Kayseri,2020-01,59.2
1130,Brisbane,2019-09,34.0
1131,Hanoi,2019-09,183.0
1132,Charleroi,2020-01,47.6
1133,Utrecht,2019-09,14.0
1134,Groningen,2019-10,23.06451612903226
1135,Richards Bay,2020-01,12.2
1136,Sapporo,2019-10,27.93548387096774
1137,Kraków,2019-09,17.0
1138,Oulu,2020-01,19.2
1139,Dublin,2019-10,23.666666666666668
1140,Khorramshahr,2019-10,100.48275862068965
1141,Boise,2019-10,27.516129032258064
1142,Maastricht,2020-01,65.0
1143,Richards Bay,2019-09,17.0
1144,Naha,2020-01,20.2
1145,Miskolc,2019-09,27.0
1146,Indianapolis,2020-01,30.4
1147,Namur,2020-01,37.0
1148,Bratislava,2019-09,30.0
1149,Haifa,2019-09,64.0
1150,Kagoshima,2019-10,49.483870967741936
1151,Berlin,2019-09,15.0
1152,Hamburg,2019-10,33.96774193548387
1153,San Francisco,2019-09,17.0
1154,Maastricht,2019-09,21.0
1155,Southend-on-Sea,2019-10,24.870967741935484
1156,Ashdod,2019-09,56.0
1157,Mérida,2019-10,65.20689655172414
1158,Daegu,2020-01,102.8
1159,Kyoto,2020-01,41.2
1160,Ankara,2019-10,69.09677419354838
1161,Saint Paul,2019-09,30.0
1162,Metz,2019-09,13.0
1163,Ecatepec de Morelos,2019-09,25.0
1164,Anyang,2019-10,118.09677419354838
1165,Pilsen,2019-09,13.0
1166,Shizuoka,2019-10,27.838709677419356
1167,Gdańsk,2019-10,53.806451612903224
1168,Sarajevo,2019-10,86.16129032258064
1169,Nancy,2020-01,50.4
1170,Grenoble,2019-10,33.064516129032256
1171,Lisbon,2020-01,78.6
1172,Belfast,2019-10,27.967741935483872
1173,Ashdod,2019-10,61.30769230769231
1174,Bursa,2019-09,13.0
1175,Rijeka,2019-10,35.7
1176,Hartford,2019-09,20.0
1177,Changsha,2020-01,168.2
1178,Taiyuan,2019-10,114.12903225806451
1179,Yeosu,2019-10,43.25806451612903
1180,Gwangju,2019-10,53.806451612903224
1181,Incheon,2020-01,100.0
1182,Ostrava,2020-01,74.4
1183,Pretoria,2019-10,72.0
1184,Fukuoka,2020-01,52.0
1185,Calgary,2020-01,10.8
1186,Pokhara,2020-01,63.75
1187,Bandar Abbas,2020-01,105.0
1188,Adapazarı,2019-09,65.0
1189,Samsun,2019-10,59.774193548387096
1190,Szeged,2019-10,82.48387096774194
1191,Salt Lake City,2019-09,18.0
1192,Nice,2019-09,38.0
1193,Auckland,2019-10,48.96774193548387
1194,Seoul,2019-09,95.0
1195,Suwon,2020-01,118.6
1196,Vereeniging,2019-10,73.2258064516129
1197,Kyoto,2019-09,46.0
1198,Łódź,2019-10,76.90322580645162
1199,Vancouver,2019-09,15.0
1200,Singapore,2019-09,61.0
1201,Balıkesir,2020-01,57.0
1202,Madison,2020-01,30.4
1203,Sofia,2019-10,92.09677419354838
1204,Shanghai,2019-10,82.48387096774194
1205,Lanzhou,2019-09,80.0
1206,Isfahan,2020-01,96.4
1207,Khorramabad,2020-01,95.8
1208,Stuttgart,2019-10,32.70967741935484
1209,Launceston,2019-09,13.0
1210,Perpignan,2020-01,46.6
1211,Belfast,2020-01,34.8
1212,Swansea,2019-10,26.548387096774192
1213,Saitama,2019-10,35.96774193548387
1214,Sendai,2020-01,15.4
1215,Taoyuan City,2019-09,21.0
1216,Auckland,2019-09,35.0
1217,Chongqing,2020-01,149.2
1218,Bloemfontein,2019-10,58.12903225806452
1219,Concepción,2020-01,76.2
1220,Middelburg,2019-10,60.70967741935484
1221,Jakarta,2019-10,142.5483870967742
1222,Bogotá,2020-01,60.6
1223,Karlsruhe,2019-09,13.0
1224,Thrissur,2019-09,38.0
1225,Delhi,2020-01,300.0
1226,Eindhoven,2020-01,56.0
1227,Suncheon,2019-10,38.54838709677419
1228,Kaohsiung,2020-01,89.0
1229,Mashhad,2019-10,85.2258064516129
1230,Quilpué,2019-09,31.0
1231,Manhattan,2019-09,16.0
1232,Mumbai,2019-09,28.0
1233,Newcastle,2019-09,30.0
1234,Utrecht,2019-10,30.06451612903226
1235,Reading,2019-10,27.516129032258064
1236,Chongqing,2019-10,72.80645161290323
1237,Warsaw,2019-10,67.12903225806451
1238,Wrocław,2019-10,61.61290322580645
1239,Khorramabad,2019-09,121.0
1240,San Diego,2019-09,28.0
1241,Chandigarh,2019-10,156.51612903225808
1242,Guadalajara,2019-10,40.758620689655174
1243,Livorno,2019-10,42.38709677419355
1244,Prato,2020-01,172.0
1245,Vantaa,2019-09,18.0
1246,Peshawar,2020-01,208.2
1247,Santiago,2020-01,60.6
1248,Bogotá,2019-09,61.0
1249,Haarlem,2019-10,31.29032258064516
1250,Gifu-shi,2020-01,22.0
1251,Keelung,2019-10,49.483870967741936
1252,Keelung,2019-09,21.0
1253,Kerman,2020-01,50.6
1254,San Jose,2020-01,30.4
1255,Brescia,2019-10,58.645161290322584
1256,Worcester,2019-10,25.838709677419356
1257,Nagano,2019-09,34.0
1258,Palma,2020-01,15.0
1259,Portland,2020-01,13.8
1260,Houston,2019-09,30.0
1261,Hạ Long,2019-10,50.92307692307692
1262,Coventry,2019-09,13.0
1263,Dongguan,2020-01,143.0
1264,Islamabad,2020-01,150.0
1265,Arāk,2020-01,62.2
1266,Kerman,2019-09,97.0
1267,Visakhapatnam,2019-09,93.0
1268,Palma,2019-10,30.0
1269,Kathmandu,2020-01,156.4
1270,Nur-Sultan,2019-10,48.4
1271,Boston,2019-09,25.0
1272,Portland,2019-10,25.93548387096774
1273,Orléans,2019-09,17.0
1274,Amsterdam,2019-10,31.903225806451612
1275,Bogotá,2019-10,52.41935483870968
1276,Rayong,2019-10,60.12903225806452
1277,Jaipur,2019-10,137.19354838709677
1278,Valencia,2019-09,61.0
1279,Taipei,2019-09,21.0
1280,San Diego,2019-10,39.5
1281,Newport,2019-10,25.806451612903224
1282,Zhuzhou,2019-09,124.0
1283,Andong,2019-10,55.354838709677416
1284,Yokohama,2020-01,23.6
1285,Québec,2019-09,27.0
1286,İzmit,2020-01,74.0
1287,Stuttgart,2020-01,86.4
1288,Utrecht,2020-01,52.6
1289,Hangzhou,2019-09,95.0
1290,Changzhou,2019-10,109.51612903225806
1291,Prato,2019-09,38.0
1292,Florence,2020-01,127.0
1293,Seongnam-si,2020-01,108.8
1294,Johannesburg,2019-10,69.64516129032258
1295,Taitung City,2019-09,21.0
1296,Bursa,2019-10,66.80645161290323
1297,Sacramento,2020-01,46.4
1298,Hobart,2019-10,9.0
1299,Nice,2019-10,37.516129032258064
1300,Oaxaca,2020-01,38.0
1301,Ningbo,2019-10,78.10714285714286
1302,Kitchener,2019-10,21.838709677419356
1303,Dammam,2020-01,81.4
1304,Isfahan,2019-10,84.3225806451613
1305,Mumbai,2020-01,172.4
1306,Tbilisi,2020-01,47.2
1307,Breda,2019-09,13.0
1308,Harbin,2019-10,74.70967741935483
1309,Ningbo,2020-01,102.75
1310,Akita,2019-10,38.5
1311,Gifu-shi,2019-09,38.0
1312,Kraków,2019-10,77.48387096774194
1313,Austin,2019-09,25.0
1314,Fort Worth,2019-10,28.774193548387096
1315,Chennai,2020-01,65.4
1316,Nijmegen,2019-09,11.0
1317,Netanya,2020-01,47.8
1318,Zhuzhou,2020-01,163.8
1319,Kyoto,2019-10,35.935483870967744
1320,Valladolid,2020-01,57.6
1321,Osorno,2019-10,58.70967741935484
1322,Osorno,2020-01,20.6
1323,Wiesbaden,2019-10,30.193548387096776
1324,Dhaka,2020-01,178.2
1325,Toluca,2020-01,23.5
1326,Modena,2020-01,113.8
1327,São José dos Campos,2019-10,39.70967741935484
1328,Bilbao,2019-09,34.0
1329,Temuco,2019-10,58.29032258064516
1330,Hamburg,2020-01,75.6
1331,Memphis,2020-01,21.4
1332,Honolulu,2020-01,16.2
1333,Pristina,2020-01,98.8
1334,Akita,2019-09,57.0
1335,Halifax,2019-09,11.0
1336,Surrey,2019-09,13.0
1337,Eskişehir,2020-01,90.6
1338,Karlsruhe,2019-10,29.322580645161292
1339,Omaha,2019-09,34.0
1340,Jieyang,2019-10,96.38709677419355
1341,Suzhou,2019-10,96.54838709677419
1342,Naples,2020-01,126.4
1343,Winnipeg,2019-10,10.548387096774194
1344,Victoria,2019-10,27.387096774193548
1345,Hsinchu,2019-09,25.0
1346,Arāk,2019-09,79.0
1347,Springfield,2019-09,41.0
1348,San Francisco,2019-10,31.096774193548388
1349,New Delhi,2019-10,179.10714285714286
1350,Christchurch,2019-10,19.225806451612904
1351,Mexico City,2020-01,47.0
1352,Shizuoka,2020-01,18.6
1353,Gdańsk,2019-09,21.0
1354,Santa Cruz de Tenerife,2020-01,46.6
1355,Atlanta,2019-10,32.483870967741936
1356,Patna,2019-10,149.83870967741936
1357,Port Elizabeth,2019-09,21.0
1358,Québec,2019-10,26.580645161290324
1359,Anyang,2019-09,107.0
1360,Utsunomiya,2019-09,53.0
1361,Samut Prakan,2020-01,95.2
1362,Jacksonville,2020-01,29.0
1363,Queens,2019-09,10.0
1364,Szczecin,2020-01,52.8
1365,Halifax,2019-10,17.129032258064516
1366,Gasteiz / Vitoria,2019-10,35.58064516129032
1367,Copenhagen,2019-10,35.16129032258065
1368,Taichung,2019-10,74.03225806451613
1369,Istanbul,2019-10,60.12903225806452
1370,Ghāziābād,2020-01,289.0
1371,Mysore,2020-01,76.2
1372,Besançon,2020-01,43.666666666666664
1373,Lille,2019-10,30.64516129032258
1374,Okayama,2019-10,39.0
1375,Wakayama,2019-10,35.645161290322584
1376,Santa Cruz de Tenerife,2019-10,33.56666666666667
1377,Vientiane,2019-09,149.0
1378,Tarnów,2019-09,19.0
1379,Winnipeg,2020-01,20.0
1380,İzmit,2019-09,56.0
1381,Samsun,2020-01,83.0
1382,Sydney,2020-01,74.8
1383,Colombo,2019-09,59.0
1384,Ürümqi,2019-10,86.25806451612904
1385,Ürümqi,2020-01,187.0
1386,Andong,2020-01,98.8
1387,Trondheim,2019-09,8.0
1388,Edmonton,2019-10,18.580645161290324
1389,Donostia / San Sebastián,2019-10,32.45161290322581
1390,Taitung City,2019-10,45.935483870967744
1391,Richmond,2019-10,19.72
1392,Providence,2019-10,21.032258064516128
1393,Salt Lake City,2019-10,17.258064516129032
1394,Tuzla,2020-01,183.4
1395,Darwin,2019-10,45.46153846153846
1396,Bordeaux,2019-09,17.0
1397,Gent,2019-09,21.0
1398,Kaunas,2020-01,40.333333333333336
1399,Newport,2020-01,34.0
1400,Nanning,2019-09,154.0
1401,Sejong,2019-10,64.58064516129032
1402,Skopje,2019-10,93.93548387096774
1403,Katowice,2019-10,43.8
1404,Linz,2019-09,17.0
1405,Gasteiz / Vitoria,2019-09,41.0
1406,Brooklyn,2019-10,20.612903225806452
1407,Hong Kong,2019-10,82.6774193548387
1408,Uppsala,2020-01,16.2
1409,Hohhot,2020-01,202.8
1410,Qinhuangdao,2019-10,98.38709677419355
1411,Hegang,2019-09,50.0
1412,Xiamen,2020-01,69.6
1413,Seongnam-si,2019-10,48.12903225806452
1414,Toronto,2019-10,21.93548387096774
1415,Linz,2020-01,58.0
1416,Győr,2019-10,62.2
1417,Chennai,2019-10,72.3225806451613
1418,Hong Kong,2019-09,154.0
1419,Shantou,2019-10,81.16129032258064
1420,Mississauga,2020-01,23.8
1421,Montréal,2019-10,25.483870967741936
1422,Tainan,2019-10,83.87096774193549
1423,Addis Ababa,2019-09,46.0
1424,Chiang Mai,2019-09,106.0
1425,Thrissur,2020-01,51.4
1426,Petaẖ Tiqwa,2019-10,65.68
1427,Beijing,2019-09,155.0
1428,Karaj,2020-01,85.2
1429,Chillán,2019-09,38.0
1430,Rennes,2019-09,20.0
1431,Lisbon,2019-10,30.967741935483872
1432,Valladolid,2019-10,46.266666666666666
1433,Adapazarı,2019-10,81.83870967741936
1434,Bishkek,2019-10,77.38709677419355
1435,Albuquerque,2019-10,18.516129032258064
1436,Monterrey,2019-10,16.41612903225806
1437,Xining,2019-10,84.58064516129032
1438,Miyazaki,2019-10,46.12903225806452
1439,Kayseri,2019-09,50.0
1440,Nîmes,2019-10,32.225806451612904
1441,Plymouth,2019-10,32.32258064516129
1442,Haifa,2020-01,44.6
1443,Jinan,2020-01,187.4
1444,Nara-shi,2019-09,53.0
1445,Los Ángeles,2019-10,38.58064516129032
1446,Rijeka,2020-01,42.75
1447,Budapest,2019-09,35.0
1448,Addis Ababa,2020-01,47.75
1449,Fresno,2019-09,20.0
1450,Brooklyn,2019-09,12.0
1451,Ghāziābād,2019-09,65.0
1452,Bordeaux,2020-01,52.4
1453,Preston,2020-01,36.2
1454,Miyazaki,2019-09,53.0
1455,Kayseri,2019-10,71.45161290322581
1456,Erzurum,2019-10,91.83870967741936
1457,Hyderabad,2020-01,119.6
1458,Toulouse,2020-01,56.0
1459,Saint-Étienne,2019-09,11.0
1460,Uppsala,2019-09,36.0
1461,Detroit,2019-09,31.0
1462,Hyderabad,2019-09,107.0
1463,Brisbane,2019-10,25.333333333333332
1464,Lisbon,2019-09,29.0
1465,Fushun,2019-09,147.0
1466,Niigata,2019-09,38.0
1467,Changchun,2019-09,99.0
1468,Trieste,2020-01,61.8
1469,Klerksdorp,2019-10,43.74193548387097
1470,Yangon,2019-10,57.806451612903224
1471,Washington D.C.,2020-01,22.4
1472,The Bronx,2019-09,7.0
1473,Albuquerque,2019-09,23.0
1474,Orléans,2020-01,38.6
1475,Saint-Denis,2019-10,32.16129032258065
1476,Hefei,2020-01,151.2
1477,Sanandaj,2019-10,37.32258064516129
1478,Miskolc,2019-10,74.54838709677419
1479,Jacksonville,2019-10,25.70967741935484
1480,San Francisco,2020-01,32.0
1481,Rouen,2019-10,38.58064516129032
1482,The Hague,2020-01,55.4
1483,Haifa,2019-10,62.53846153846154
1484,Tianjin,2020-01,178.4
1485,Katowice,2020-01,90.0
1486,Los Angeles,2019-10,53.193548387096776
1487,Ḩawallī,2019-10,138.3548387096774
1488,Hamburg,2019-09,17.0
1489,Lampang,2019-09,104.0
1490,Lucknow,2020-01,204.2
1491,San José,2020-01,23.6
1492,Trabzon,2020-01,62.0
1493,Muzaffarnagar,2019-10,192.2
1494,Baguio,2019-10,60.75
1495,London,2019-09,19.0
1496,Reykjavík,2020-01,17.4
1497,Brno,2019-09,18.0
1498,Stavanger,2019-10,17.161290322580644
